id,category
7963.jpg,4
6018.jpg,3
6398.jpg,3
1484.jpeg,1
7708.jpeg,4
2295.jpeg,2
8429.png,4
7761.jpeg,4
6196.jpg,3
6921.jpeg,4
7625.jpg,4
5268.jpg,3
5334.jpg,3
7867.jpeg,4
5884.jpg,3
2432.jpg,2
2580.jpg,2
7575.jpeg,4
6626.jpg,3
2375.jpeg,2
6146.jpg,3
26.jpeg,0
7494.jpg,4
2465.jpeg,2
7632.jpg,4
7154.jpeg,4
6249.jpg,3
896.jpeg,0
3345.jpg,2
1312.jpeg,1
2331.png,2
8320.jpg,4
390.jpeg,0
1852.jpeg,1
1918.jpeg,1
6863.jpeg,4
1323.jpg,1
1212.jpeg,0
5088.jpg,3
7497.jpg,4
8460.jpeg,4
3730.jpg,2
4588.jpg,3
5138.jpg,3
3816.jpg,2
5836.jpg,3
2710.jpeg,2
1705.jpeg,1
2299.jpeg,2
6045.jpg,3
3570.jpg,2
3306.jpeg,2
1179.jpeg,0
6713.jpeg,4
2381.jpg,2
5206.jpg,3
5520.jpg,3
5363.jpg,3
4416.jpg,3
8179.jpeg,4
914.jpeg,0
2027.jpeg,1
1809.jpeg,1
4672.jpg,3
3677.jpeg,2
4654.jpg,3
6659.jpeg,4
2658.jpeg,2
6561.jpg,3
2721.jpg,2
2641.jpeg,2
5680.jpg,3
625.jpeg,0
5453.jpg,3
3897.jpeg,2
485.jpeg,0
3041.jpeg,2
4225.jpeg,2
3173.jpeg,2
7877.jpeg,4
2950.jpeg,2
4431.jpg,3
2197.jpeg,2
1909.jpeg,1
6634.jpg,3
3736.jpeg,2
2355.jpg,2
8218.jpeg,4
4944.jpg,3
1592.jpeg,1
6283.jpg,3
5296.jpg,3
1567.jpeg,1
6280.jpg,3
2642.jpg,2
7693.jpeg,4
6536.jpg,3
3283.jpeg,2
1998.jpg,1
3672.jpg,2
1235.jpeg,1
4505.jpg,3
5051.jpg,3
6471.jpg,3
3190.jpg,2
100.jpeg,0
2156.jpg,2
2023.jpeg,1
5409.jpg,3
6660.jpeg,4
1966.jpeg,1
4979.jpg,3
5532.jpg,3
197.jpeg,0
2875.jpg,2
5509.jpg,3
499.jpeg,0
416.jpeg,0
2770.jpeg,2
474.jpeg,0
6792.jpg,4
935.jpeg,0
5762.jpg,3
3007.jpeg,2
7550.jpeg,4
7859.jpeg,4
5360.jpg,3
1093.jpeg,0
7692.jpg,4
7755.jpeg,4
5288.jpg,3
5741.jpg,3
4132.jpg,2
3182.jpeg,2
8352.jpeg,4
6210.jpg,3
522.jpeg,0
5676.jpg,3
4391.jpg,3
4083.jpg,2
3914.jpg,2
2709.jpeg,2
8085.jpeg,4
2808.jpeg,2
7890.jpeg,4
6823.jpeg,4
3495.jpg,2
2720.jpg,2
1440.jpeg,1
2005.jpg,1
7721.jpeg,4
5344.jpg,3
7535.jpeg,4
3936.jpg,2
5760.jpg,3
5041.jpg,3
5620.jpg,3
6901.jpeg,4
760.jpeg,0
756.jpeg,0
8061.jpg,4
5810.jpg,3
6938.jpeg,4
355.jpeg,0
213.jpeg,0
8408.jpeg,4
5516.jpg,3
8008.jpeg,4
4444.jpg,3
1003.jpeg,0
6587.jpg,3
5930.jpg,3
1886.jpeg,1
455.jpeg,0
4192.jpg,2
5459.jpg,3
4870.jpg,3
2533.jpeg,2
84.jpeg,0
1541.jpg,1
8220.jpeg,4
5569.jpg,3
6326.jpg,3
4619.jpg,3
5304.jpg,3
2322.jpg,2
95.jpeg,0
8143.jpeg,4
2851.jpeg,2
7851.jpeg,4
6818.jpeg,4
4151.jpg,2
5870.jpg,3
2850.jpeg,2
370.jpeg,0
2367.jpeg,2
7880.jpeg,4
3837.jpg,2
579.jpeg,0
6044.jpg,3
2447.jpeg,2
7973.jpeg,4
216.jpeg,0
8236.jpeg,4
3990.jpg,2
3960.jpeg,2
7849.jpeg,4
7864.jpeg,4
660.jpeg,0
437.jpeg,0
833.jpeg,0
7397.jpeg,4
7673.jpeg,4
875.jpeg,0
7917.jpg,4
6496.jpg,3
5408.jpg,3
7020.jpeg,4
2501.jpeg,2
4858.jpg,3
4454.jpg,3
3956.jpeg,2
6502.jpg,3
8409.jpeg,4
2426.jpg,2
5529.jpg,3
5485.jpg,3
8076.jpeg,4
1823.jpg,1
3372.jpg,2
3931.jpeg,2
4082.jpeg,2
8122.jpeg,4
5928.jpg,3
2228.jpeg,2
6522.jpg,3
7634.jpeg,4
434.jpeg,0
6914.jpeg,4
1579.jpeg,1
6637.jpg,3
3798.jpeg,2
866.jpeg,0
540.jpeg,0
5063.jpg,3
1251.jpeg,1
4260.jpeg,2
7216.jpeg,4
8119.jpeg,4
1288.jpg,1
3744.jpeg,2
7701.jpg,4
5037.jpg,3
7730.jpeg,4
5927.jpg,3
1932.jpeg,1
8411.jpg,4
5274.jpg,3
609.jpeg,0
1832.jpeg,1
5780.jpg,3
2680.jpeg,2
5708.jpg,3
2084.jpg,2
6869.jpeg,4
5935.jpg,3
4005.jpg,2
6766.jpg,4
2353.jpeg,2
5378.jpg,3
5807.jpg,3
6241.jpg,3
6965.jpg,4
7294.jpeg,4
8345.jpeg,4
6394.jpg,3
5981.jpg,3
8468.jpg,4
2420.jpeg,2
3106.jpg,2
359.jpeg,0
4477.jpg,3
2874.jpeg,2
6222.jpg,3
3553.jpg,2
3176.png,2
4077.jpg,2
1964.jpg,1
5377.jpg,3
4810.jpg,3
7106.jpeg,4
3268.jpeg,2
4216.jpg,2
2472.jpeg,2
4340.jpg,2
7460.jpg,4
2274.jpg,2
122.jpeg,0
4376.jpg,2
2566.jpeg,2
6685.jpeg,4
418.jpeg,0
1388.jpg,1
1955.jpg,1
3996.jpeg,2
210.jpeg,0
3138.jpeg,2
366.jpeg,0
8191.jpeg,4
2804.jpeg,2
2189.jpeg,2
8316.jpg,4
736.jpeg,0
5019.jpg,3
2746.jpeg,2
2062.jpg,1
5975.jpg,3
5845.jpg,3
3298.jpg,2
243.jpeg,0
7902.jpeg,4
577.jpeg,0
5800.jpg,3
556.jpeg,0
4011.jpeg,2
2111.jpg,2
174.jpeg,0
7176.jpeg,4
1161.jpeg,0
460.jpg,0
1467.jpeg,1
439.jpeg,0
1498.jpg,1
3110.jpeg,2
1147.jpeg,0
6182.jpg,3
2454.jpeg,2
4960.jpg,3
8065.jpeg,4
8309.jpg,4
7777.jpeg,4
1556.jpeg,1
4470.jpg,3
7086.jpg,4
1364.jpeg,1
861.jpeg,0
528.jpeg,0
6615.jpg,3
3088.jpeg,2
3366.jpeg,2
2190.jpg,2
7436.jpeg,4
4540.jpg,3
5838.jpg,3
7300.jpeg,4
7605.jpeg,4
6001.jpg,3
5125.jpg,3
1331.jpg,1
7749.jpeg,4
6621.jpg,3
7686.jpeg,4
6922.jpeg,4
7170.jpeg,4
431.jpeg,0
2526.jpeg,2
1911.jpg,1
3346.jpg,2
3460.jpg,2
7813.jpeg,4
187.jpeg,0
4473.jpg,3
1793.jpeg,1
3548.jpeg,2
6198.jpg,3
8274.jpeg,4
6082.jpg,3
1838.jpg,1
850.jpg,0
778.jpeg,0
7652.jpeg,4
969.jpeg,0
6416.jpg,3
2219.jpg,2
2790.jpeg,2
2510.jpg,2
8059.jpeg,4
6367.jpg,3
1634.jpeg,1
7421.jpeg,4
7977.jpeg,4
7649.jpeg,4
632.jpeg,0
2816.jpg,2
1250.jpg,1
3132.jpeg,2
3410.jpeg,2
4055.jpg,2
3130.jpeg,2
531.jpeg,0
1054.jpeg,0
2053.jpeg,1
3758.jpg,2
805.jpeg,0
2184.jpg,2
6641.jpg,3
6313.jpg,3
5895.jpg,3
7095.jpeg,4
1871.jpg,1
6831.jpeg,4
7100.jpg,4
3170.jpeg,2
6060.jpg,3
4163.jpg,2
4632.jpg,3
7639.jpeg,4
8185.jpeg,4
3181.jpeg,2
2769.jpg,2
4578.jpg,3
7713.jpeg,4
1163.jpeg,0
2195.jpeg,2
2302.jpeg,2
1352.jpeg,1
7088.jpeg,4
5043.jpg,3
4483.jpg,3
2363.jpg,2
5767.jpg,3
3766.jpeg,2
7371.jpg,4
2777.jpg,2
3399.jpeg,2
3230.jpg,2
6114.jpg,3
235.jpeg,0
5945.jpg,3
2946.jpg,2
5390.jpg,3
2610.jpeg,2
7160.jpeg,4
6362.jpg,3
3550.jpg,2
2937.jpeg,2
2601.jpg,2
2743.jpg,2
2409.jpeg,2
1906.jpeg,1
3830.jpeg,2
3768.jpeg,2
8412.jpeg,4
603.jpeg,0
7980.jpeg,4
5430.jpg,3
5929.jpg,3
4196.jpeg,2
116.jpeg,0
2778.jpeg,2
7802.jpeg,4
710.jpeg,0
199.jpeg,0
3937.jpg,2
1951.jpg,1
3467.jpeg,2
8118.jpeg,4
5554.jpg,3
183.jpeg,0
1020.jpeg,0
1678.jpg,1
3446.jpeg,2
698.jpeg,0
6243.jpg,3
6285.jpg,3
1438.jpg,1
4645.jpg,3
2926.jpg,2
2163.jpeg,2
1528.jpg,1
5666.jpg,3
6500.jpg,3
1164.jpeg,0
2260.jpg,2
5385.jpg,3
2203.jpeg,2
4831.jpg,3
7801.jpeg,4
7033.jpeg,4
5029.jpg,3
5455.jpg,3
7835.jpeg,4
3270.jpeg,2
6251.jpg,3
1818.jpg,1
4630.jpg,3
5324.jpg,3
3573.jpg,2
68.jpeg,0
1118.jpeg,0
3707.jpeg,2
2671.jpeg,2
7515.jpeg,4
4014.jpeg,2
7817.jpeg,4
7845.jpeg,4
1430.jpg,1
4485.jpg,3
5753.jpg,3
5483.jpg,3
5269.jpg,3
6256.jpg,3
6486.jpg,3
8062.jpeg,4
17.jpeg,0
6192.jpg,3
4218.jpeg,2
4772.jpg,3
4257.jpeg,2
1597.jpeg,1
7193.jpeg,4
2077.jpeg,2
799.jpeg,0
7388.jpeg,4
8125.jpeg,4
201.jpeg,0
8430.jpg,4
5278.jpg,3
3693.jpeg,2
7419.jpeg,4
6509.jpg,3
2013.jpeg,1
4840.jpg,3
1787.jpeg,1
2115.jpeg,2
3939.jpg,2
2976.jpeg,2
6449.jpg,3
8112.jpeg,4
6513.jpg,3
730.jpeg,0
6493.jpg,3
6987.jpeg,4
3324.jpeg,2
7172.jpeg,4
1375.jpg,1
2144.jpeg,2
8092.jpeg,4
5335.jpg,3
2343.jpeg,2
1222.jpeg,0
865.jpeg,0
3649.jpeg,2
3125.jpg,2
5632.jpg,3
5890.jpg,3
907.jpeg,0
646.jpeg,0
4918.jpg,3
7325.jpeg,4
3380.jpeg,2
6028.jpg,3
3505.jpg,2
1029.jpeg,0
13.jpeg,0
4462.jpg,3
5989.jpg,3
7756.jpeg,4
1866.jpeg,1
5974.jpg,3
2905.jpeg,2
3818.jpg,2
2335.jpg,2
5261.jpg,3
336.jpg,0
6066.jpg,3
5719.jpg,3
7718.jpeg,4
4120.jpg,2
5699.jpg,3
3485.jpeg,2
7763.jpeg,4
2114.jpeg,2
6463.jpg,3
7368.jpeg,4
4655.jpg,3
4289.jpeg,2
3340.jpg,2
1384.jpeg,1
4571.jpg,3
5705.jpg,3
1875.jpeg,1
2474.jpeg,2
2175.jpeg,2
3197.jpg,2
968.jpeg,0
7224.jpeg,4
3222.jpeg,2
3179.jpg,2
1554.jpeg,1
3508.jpg,2
2096.jpeg,2
102.jpeg,0
5716.jpg,3
4242.jpeg,2
1937.jpeg,1
6426.jpg,3
2290.jpeg,2
7820.jpeg,4
4189.jpeg,2
5633.jpg,3
3844.jpeg,2
1134.jpeg,0
3997.jpg,2
4813.jpg,3
3310.jpeg,2
8241.jpeg,4
2954.jpeg,2
3357.jpg,2
3236.jpg,2
5110.jpg,3
529.jpeg,0
1754.jpeg,1
8398.jpeg,4
6593.jpg,3
3082.jpg,2
1784.jpg,1
1356.jpeg,1
8375.jpeg,4
8488.jpeg,4
3124.jpeg,2
8357.jpeg,4
1658.jpeg,1
3188.jpeg,2
1135.jpeg,0
4029.jpeg,2
4019.jpeg,2
255.jpeg,0
3037.jpg,2
3307.jpeg,2
5615.jpg,3
1462.jpeg,1
4593.jpg,3
4465.jpg,3
2984.jpeg,2
4348.jpg,2
7498.jpeg,4
1353.jpeg,1
3870.jpeg,2
3810.jpeg,2
2214.jpeg,2
191.jpeg,0
4986.jpg,3
6495.jpg,3
6690.jpg,4
957.jpg,0
6619.jpg,3
1810.jpeg,1
7259.jpeg,4
6957.jpeg,4
1629.jpg,1
3390.jpeg,2
4004.jpeg,2
8052.jpeg,4
8187.jpeg,4
4697.jpg,3
1400.jpg,1
6284.jpg,3
1992.jpeg,1
3710.jpeg,2
162.jpeg,0
2427.jpg,2
8436.jpeg,4
7341.jpeg,4
2101.png,2
421.jpeg,0
6135.jpg,3
2557.jpeg,2
8449.jpeg,4
5793.jpg,3
7159.jpeg,4
154.jpeg,0
6592.jpg,3
164.jpg,0
4601.jpg,3
2282.jpeg,2
792.jpeg,0
4185.jpeg,2
7183.jpeg,4
6563.jpg,3
4518.jpg,3
5623.jpg,3
5451.jpg,3
5021.jpg,3
249.jpeg,0
5869.jpg,3
6594.jpg,3
950.jpeg,0
1904.jpg,1
1229.jpg,1
5514.jpg,3
3486.jpeg,2
5348.jpg,3
7483.jpeg,4
341.jpeg,0
4270.jpeg,2
4002.jpg,2
8206.jpeg,4
125.jpeg,0
6741.jpeg,4
7019.jpeg,4
6740.jpg,4
6341.jpg,3
5547.jpg,3
3970.jpg,2
4666.jpg,3
4759.jpg,3
3143.jpeg,2
4675.jpg,3
3194.jpeg,2
8358.png,4
3700.jpeg,2
3629.jpeg,2
6940.jpeg,4
8303.jpeg,4
6892.png,4
4091.jpeg,2
7919.jpg,4
4957.jpg,3
4574.jpg,3
2561.jpeg,2
8103.jpg,4
2626.jpg,2
6924.jpg,4
3312.jpeg,2
7741.jpeg,4
5875.jpg,3
1130.jpeg,0
7520.jpeg,4
1780.jpg,1
1553.jpeg,1
5853.jpg,3
5831.jpg,3
6091.jpg,3
5172.jpg,3
2413.jpeg,2
7030.jpeg,4
4605.jpg,3
3383.jpeg,2
3213.jpg,2
8000.jpeg,4
7115.jpg,4
6090.jpg,3
7194.jpg,4
6595.jpg,3
5782.jpg,3
7541.jpeg,4
2172.jpeg,2
6849.jpeg,4
6963.jpeg,4
2093.jpeg,2
971.jpeg,0
3698.jpeg,2
374.jpeg,0
5703.jpg,3
8310.jpg,4
4018.jpeg,2
7363.jpeg,4
2321.jpg,2
8366.jpeg,4
7538.jpeg,4
2794.jpeg,2
7416.jpeg,4
6895.jpeg,4
1204.jpeg,0
8245.jpeg,4
5214.jpg,3
4758.jpg,3
4673.jpg,3
1614.jpeg,1
5406.jpg,3
8279.jpg,4
989.jpeg,0
3172.jpeg,2
7530.jpeg,4
6719.jpeg,4
4562.jpg,3
2368.jpeg,2
2575.jpg,2
1470.jpg,1
2919.jpg,2
5599.jpg,3
661.jpeg,0
5789.jpg,3
2259.jpeg,2
1997.jpeg,1
4417.jpg,3
4471.jpg,3
6207.jpg,3
3220.jpg,2
8480.jpeg,4
838.jpeg,0
4977.jpg,3
7079.jpg,4
4205.jpg,2
1011.jpeg,0
7841.jpeg,4
676.jpeg,0
3681.jpeg,2
506.jpeg,0
56.jpeg,0
1687.jpeg,1
1668.jpeg,1
4846.jpg,3
6159.jpg,3
6968.jpeg,4
882.jpeg,0
7925.jpeg,4
653.jpeg,0
5949.jpg,3
932.jpeg,0
6421.jpg,3
6623.jpg,3
2724.jpeg,2
2780.jpg,2
7276.jpg,4
5413.jpg,3
7667.jpeg,4
5134.jpg,3
7609.jpeg,4
5219.jpg,3
4408.jpg,3
1199.jpeg,0
7184.jpeg,4
5077.jpg,3
51.jpeg,0
1279.jpeg,1
2187.jpeg,2
5320.jpg,3
7978.jpeg,4
2384.jpeg,2
7891.jpeg,4
5583.jpg,3
7118.jpeg,4
4980.jpg,3
1622.jpeg,1
3674.jpeg,2
8469.jpeg,4
7092.jpeg,4
6835.jpeg,4
6428.jpg,3
567.jpeg,0
3064.jpeg,2
1151.jpeg,0
5749.jpg,3
4012.jpeg,2
3528.jpeg,2
6994.jpeg,4
4357.jpg,2
3815.jpg,2
7629.jpeg,4
6443.jpg,3
3327.jpg,2
2573.jpeg,2
7252.jpeg,4
598.jpeg,0
6976.jpeg,4
1743.jpeg,1
4841.jpg,3
1539.jpeg,1
286.jpeg,0
7000.jpg,4
4399.jpg,3
3661.jpeg,2
4318.jpeg,2
741.jpg,0
6530.jpg,3
7185.jpg,4
8361.jpg,4
1972.jpeg,1
5102.jpg,3
1562.jpeg,1
5524.jpg,3
1494.jpeg,1
562.jpeg,0
7202.jpeg,4
7485.jpeg,4
6738.jpeg,4
7810.jpeg,4
2248.jpg,2
1076.jpeg,0
2576.jpeg,2
2206.jpg,2
8095.jpeg,4
472.jpeg,0
1016.jpeg,0
2221.jpg,2
7988.jpeg,4
7659.jpeg,4
3502.jpeg,2
253.jpeg,0
967.jpeg,0
3155.jpeg,2
674.jpeg,0
7356.jpeg,4
1386.jpg,1
985.jpeg,0
3780.jpeg,2
4118.jpg,2
4150.jpg,2
6111.jpg,3
5040.jpg,3
4566.jpg,3
5580.jpg,3
5830.jpg,3
4187.jpeg,2
5964.jpg,3
6343.jpg,3
279.jpeg,0
2475.jpeg,2
5953.jpg,3
1819.jpeg,1
565.jpeg,0
8311.jpeg,4
123.jpeg,0
5216.jpg,3
6224.jpg,3
1053.jpeg,0
5758.jpg,3
1834.jpeg,1
4616.jpg,3
885.jpeg,0
237.jpeg,0
7239.jpeg,4
8166.jpeg,4
6185.jpg,3
8071.jpeg,4
1551.jpeg,1
8395.jpeg,4
4146.jpeg,2
3683.jpeg,2
5593.jpg,3
6728.jpg,4
2107.jpg,2
6242.jpg,3
5556.jpg,3
7744.jpeg,4
7620.jpg,4
1739.jpeg,1
4493.jpg,3
8181.jpeg,4
4705.jpg,3
725.jpeg,0
176.jpeg,0
835.jpeg,0
6396.jpg,3
14.jpeg,0
4135.jpg,2
7647.jpeg,4
2802.jpeg,2
179.jpeg,0
1403.jpeg,1
5058.jpg,3
3992.jpeg,2
3374.jpg,2
2480.jpeg,2
637.jpeg,0
1030.jpeg,0
2764.jpeg,2
7392.jpeg,4
5685.jpg,3
2892.jpeg,2
8367.jpeg,4
1812.jpeg,1
1785.jpg,1
8158.jpeg,4
7719.jpeg,4
5066.jpg,3
6839.jpeg,4
997.jpg,0
3079.jpeg,2
5607.jpg,3
4691.jpg,3
2962.jpeg,2
6419.jpg,3
2288.jpeg,2
3351.jpeg,2
4063.jpeg,2
2799.jpg,2
3892.jpg,2
1638.jpeg,1
5083.jpg,3
1577.jpg,1
5256.jpg,3
4172.jpeg,2
8207.jpeg,4
345.jpeg,0
4337.jpeg,2
535.jpeg,0
269.jpeg,0
8487.jpeg,4
5442.jpg,3
4295.jpeg,2
1605.jpg,1
2035.jpg,1
7273.jpeg,4
2866.jpeg,2
7206.jpeg,4
2446.jpg,2
2959.jpeg,2
7112.jpeg,4
7.jpeg,0
5184.jpg,3
8275.jpeg,4
4406.jpg,3
648.jpeg,0
3168.jpeg,2
71.jpeg,0
1012.jpeg,0
731.jpeg,0
6344.jpg,3
1115.jpeg,0
1627.jpg,1
804.jpeg,0
6517.jpg,3
3098.jpg,2
7700.jpeg,4
2315.jpg,2
6015.jpg,3
848.jpeg,0
7367.jpg,4
263.jpeg,0
3109.jpeg,2
435.jpeg,0
6518.jpg,3
399.jpeg,0
2862.jpeg,2
3084.jpg,2
6029.jpg,3
1654.jpg,1
5364.jpg,3
4860.jpg,3
7728.jpeg,4
5606.jpg,3
8037.jpeg,4
1733.jpeg,1
7028.jpeg,4
6998.jpeg,4
7707.jpeg,4
410.jpeg,0
4710.jpg,3
5251.jpg,3
1680.jpeg,1
5913.jpg,3
7227.jpg,4
5742.jpg,3
931.jpeg,0
7410.jpeg,4
4598.jpg,3
5303.jpg,3
1994.jpeg,1
280.jpeg,0
3567.jpeg,2
5594.jpg,3
649.jpeg,0
5658.jpg,3
6465.jpg,3
1789.jpeg,1
4371.jpeg,2
1888.jpeg,1
4037.jpeg,2
1365.jpeg,1
2029.jpeg,1
1412.jpeg,1
636.jpeg,0
7685.jpeg,4
4411.jpg,3
3360.jpeg,2
1895.jpeg,1
6814.jpeg,4
23.jpeg,0
238.jpeg,0
1313.jpeg,1
901.jpeg,0
2582.jpeg,2
1825.jpeg,1
4039.jpg,2
1569.jpeg,1
4665.jpg,3
5100.jpg,3
965.jpg,0
5120.jpg,3
2664.jpeg,2
1059.jpeg,0
6644.jpg,3
1376.jpeg,1
1778.jpeg,1
4326.jpg,2
3045.jpeg,2
3228.jpeg,2
6651.jpeg,4
2211.jpg,2
16.jpeg,0
415.jpeg,0
3855.jpeg,2
869.jpeg,0
5689.jpg,3
8387.jpeg,4
8567.jpeg,4
2734.jpeg,2
8225.jpeg,4
3893.jpg,2
8506.jpeg,4
2676.jpeg,2
6306.jpg,3
6076.jpg,3
7591.jpeg,4
5842.jpg,3
1870.jpeg,1
4711.jpg,3
1492.jpg,1
4845.jpg,3
7348.jpg,4
692.jpeg,0
327.jpeg,0
2279.jpg,2
640.jpeg,0
4240.jpeg,2
5498.jpg,3
4872.jpg,3
5940.jpg,3
1940.jpg,1
5201.jpg,3
3598.jpg,2
6353.jpg,3
2873.jpeg,2
6952.jpeg,4
1489.jpeg,1
857.jpeg,0
520.jpeg,0
246.jpeg,0
3534.jpg,2
2941.jpeg,2
1377.jpg,1
5121.jpg,3
2730.jpeg,2
1858.jpg,1
3753.jpg,2
8378.jpeg,4
4897.jpg,3
3646.jpg,2
4304.jpeg,2
6279.jpg,3
4325.jpg,2
2640.jpeg,2
4025.jpeg,2
1048.jpeg,0
211.jpeg,0
7440.jpeg,4
7217.jpeg,4
7403.jpeg,4
2448.jpeg,2
5595.jpg,3
5564.jpg,3
6947.jpeg,4
864.jpeg,0
6979.jpeg,4
7136.jpeg,4
4949.jpg,3
2143.jpeg,2
6032.jpg,3
4715.jpg,3
6142.jpg,3
1428.jpg,1
5957.jpg,3
7099.jpeg,4
4635.jpg,3
7782.jpeg,4
3441.jpeg,2
3986.jpg,2
6836.jpeg,4
1228.jpeg,0
2740.jpg,2
3371.jpeg,2
7031.jpg,4
7279.jpeg,4
1855.jpeg,1
920.jpeg,0
3927.jpeg,2
1963.jpg,1
6562.jpg,3
3405.jpeg,2
2173.jpg,2
6788.jpeg,4
5272.jpg,3
3924.jpg,2
5750.jpg,3
8019.jpeg,4
7553.jpeg,4
4040.jpg,2
3653.jpeg,2
7293.jpeg,4
5500.jpg,3
1603.jpeg,1
4565.jpg,3
1856.jpg,1
4329.jpg,2
7804.jpg,4
3807.jpg,2
1548.jpeg,1
3921.jpeg,2
3381.jpeg,2
7389.jpeg,4
4245.jpeg,2
3363.jpeg,2
7295.jpeg,4
20.jpeg,0
6751.jpeg,4
2963.jpeg,2
5011.jpg,3
1782.jpeg,1
261.jpeg,0
5889.jpg,3
4621.jpg,3
1263.jpg,1
2541.jpg,2
1007.jpeg,0
5111.jpg,3
7724.jpeg,4
6414.jpg,3
2515.jpeg,2
5778.jpg,3
1953.jpg,1
1792.jpeg,1
2895.jpg,2
2532.jpeg,2
2483.jpeg,2
999.jpeg,0
7469.jpeg,4
2891.jpg,2
6193.jpg,3
3142.jpeg,2
3326.jpg,2
7531.jpeg,4
165.jpeg,0
2632.jpeg,2
7615.jpeg,4
3319.jpeg,2
2773.jpeg,2
6102.jpg,3
5087.jpg,3
4700.jpg,3
8273.jpeg,4
3525.jpeg,2
1581.jpg,1
1976.jpeg,1
688.jpeg,0
2246.jpeg,2
4043.jpg,2
2309.jpeg,2
7472.jpeg,4
1234.jpg,1
1024.jpeg,0
5885.jpg,3
7850.jpeg,4
572.jpeg,0
4720.jpg,3
7582.jpeg,4
6852.jpg,4
887.jpeg,0
4618.jpg,3
5651.jpg,3
5507.jpg,3
2590.jpeg,2
7026.jpeg,4
4056.jpeg,2
5894.jpg,3
1026.jpeg,0
3595.jpeg,2
6351.jpg,3
5779.jpg,3
7519.jpg,4
5050.jpg,3
127.jpg,0
3288.jpg,2
1368.jpeg,1
7970.jpeg,4
1900.jpg,1
452.jpeg,0
6219.jpg,3
436.jpeg,0
7778.jpeg,4
1042.jpeg,0
1948.jpeg,1
409.jpeg,0
205.jpeg,0
7694.jpeg,4
3644.jpeg,2
6663.jpeg,4
6853.jpeg,4
349.jpeg,0
7445.jpg,4
2032.jpeg,1
4529.jpg,3
2762.jpeg,2
357.jpeg,0
4548.jpg,3
683.jpeg,0
8234.jpeg,4
3771.jpeg,2
6736.jpeg,4
910.jpeg,0
48.jpeg,0
2026.jpeg,1
3342.jpeg,2
7117.jpeg,4
3695.jpg,2
1741.jpg,1
2795.jpeg,2
2383.jpeg,2
5415.jpg,3
3882.jpeg,2
1973.jpeg,1
2509.jpeg,2
5265.jpg,3
8287.jpg,4
2046.jpeg,1
796.jpeg,0
7355.jpeg,4
3159.jpeg,2
1583.jpg,1
7984.jpeg,4
2775.jpeg,2
2471.jpg,2
1260.jpeg,1
1420.jpeg,1
6773.jpeg,4
7492.jpeg,4
8105.jpeg,4
1214.jpeg,0
1561.jpeg,1
6148.jpg,3
1594.jpeg,1
3545.jpeg,2
5099.jpg,3
7352.jpeg,4
6964.jpeg,4
4356.jpeg,2
5116.jpg,3
618.jpeg,0
7892.jpeg,4
4323.jpeg,2
5246.jpg,3
3457.jpeg,2
5776.jpg,3
6084.jpg,3
6365.jpg,3
8570.jpeg,4
7942.jpg,4
4999.jpg,3
4929.jpg,3
5300.jpg,3
133.jpeg,0
4698.jpg,3
4620.jpg,3
6174.jpg,3
5250.jpg,3
7164.jpeg,4
3437.jpeg,2
6.jpeg,0
5611.jpg,3
1575.jpeg,1
743.jpeg,0
5127.jpg,3
5.jpeg,0
5896.jpg,3
1207.jpeg,0
7320.jpg,4
7893.jpeg,4
1958.jpeg,1
4900.jpg,3
4079.jpeg,2
295.jpeg,0
7418.jpeg,4
5631.jpg,3
1802.jpeg,1
681.jpg,0
1354.jpeg,1
2049.jpeg,1
7280.jpeg,4
6907.jpeg,4
5487.jpg,3
4945.jpg,3
6382.jpg,3
3885.jpeg,2
5841.jpg,3
6093.jpg,3
5197.jpg,3
4022.jpg,2
4086.jpeg,2
7258.jpeg,4
2901.jpg,2
6160.jpg,3
7684.jpg,4
8441.jpeg,4
6318.jpg,3
7161.jpeg,4
8450.jpeg,4
8089.jpeg,4
8230.jpeg,4
6847.jpeg,4
814.jpeg,0
7450.jpeg,4
6975.jpeg,4
2020.jpeg,1
992.jpeg,0
8562.jpeg,4
1588.jpeg,1
7237.jpeg,4
3558.jpeg,2
4609.jpg,3
332.jpeg,0
4707.jpg,3
8263.jpeg,4
88.jpeg,0
7594.jpeg,4
1350.jpeg,1
8276.jpeg,4
294.jpeg,0
1476.jpeg,1
5359.jpg,3
5969.jpg,3
735.jpeg,0
545.jpeg,0
2930.jpeg,2
738.jpeg,0
1182.jpeg,0
5733.jpg,3
3440.jpeg,2
604.jpeg,0
6440.jpg,3
2470.jpeg,2
4469.jpg,3
1525.jpeg,1
1292.jpg,1
4133.jpeg,2
700.jpeg,0
8442.jpeg,4
4952.jpg,3
1502.jpeg,1
2674.jpeg,2
132.jpeg,0
8117.jpeg,4
7328.jpeg,4
5457.jpg,3
6373.jpg,3
489.jpeg,0
6958.jpeg,4
4061.jpeg,2
1357.jpeg,1
3216.jpeg,2
6880.jpeg,4
3976.jpeg,2
3.jpeg,0
8539.jpeg,4
1018.jpeg,0
7263.jpeg,4
6413.jpg,3
2404.jpeg,2
6411.jpg,3
4943.jpg,3
7022.jpeg,4
209.jpeg,0
2042.jpeg,1
3712.jpeg,2
5248.jpg,3
797.jpeg,0
1962.jpg,1
764.jpeg,0
6791.jpeg,4
2349.jpeg,2
6553.jpg,3
6919.jpeg,4
7351.jpeg,4
629.jpeg,0
2350.jpeg,2
667.jpeg,0
5345.jpg,3
7733.jpeg,4
6183.jpg,3
7486.jpg,4
6167.jpg,3
3373.jpeg,2
810.jpeg,0
4088.jpeg,2
1483.jpg,1
3541.jpeg,2
2310.jpg,2
3093.jpeg,2
7495.jpeg,4
844.jpeg,0
8388.jpeg,4
2003.jpeg,1
7964.jpeg,4
5173.jpg,3
5312.jpg,3
737.jpeg,0
3957.jpeg,2
5650.jpg,3
1568.jpeg,1
5874.jpg,3
8489.jpeg,4
4821.jpg,3
3365.jpg,2
3965.jpg,2
6568.jpg,3
5709.jpg,3
6085.jpg,3
5270.jpg,3
81.jpeg,0
2236.jpeg,2
4765.jpg,3
5416.jpg,3
1730.jpeg,1
8160.jpg,4
5166.jpg,3
1821.jpg,1
4939.jpg,3
7800.jpeg,4
3356.jpg,2
4936.jpg,3
1453.jpg,1
3713.jpeg,2
6951.jpeg,4
4432.jpg,3
6049.jpg,3
2646.jpg,2
1771.jpeg,1
3131.jpeg,2
2346.jpeg,2
873.jpeg,0
7223.jpg,4
526.jpeg,0
4164.jpeg,2
1675.jpeg,1
523.jpeg,0
3948.jpeg,2
6069.jpg,3
7937.jpeg,4
7151.jpeg,4
8318.jpeg,4
3151.jpg,2
7641.jpeg,4
4941.jpg,3
5979.jpg,3
3589.jpg,2
6297.jpg,3
2834.jpeg,2
1416.jpeg,1
4694.jpg,3
5958.jpg,3
1230.jpg,1
1891.jpg,1
816.jpeg,0
5654.jpg,3
6189.jpg,3
1330.jpg,1
2436.jpeg,2
8104.jpeg,4
8500.jpeg,4
6383.jpg,3
8018.jpeg,4
8507.jpeg,4
6364.jpg,3
27.jpeg,0
2365.jpeg,2
3006.jpeg,2
2855.jpg,2
2075.jpeg,2
6233.jpg,3
6628.jpg,3
6132.jpg,3
2702.jpg,2
5233.jpg,3
5010.jpg,3
7267.jpg,4
898.jpeg,0
4920.jpg,3
2499.jpg,2
1632.jpeg,1
5523.jpg,3
86.jpeg,0
4286.jpeg,2
1324.jpeg,1
4407.jpg,3
4382.jpg,3
6794.jpg,4
6642.jpg,3
4491.jpg,3
7230.jpg,4
6898.jpeg,4
6438.jpg,3
7976.jpeg,4
6827.jpeg,4
6904.jpg,4
5222.jpg,3
8420.jpg,4
4771.jpg,3
5558.jpg,3
2736.jpg,2
6043.jpg,3
3958.jpeg,2
1905.jpg,1
2956.jpeg,2
1033.jpeg,0
3903.jpeg,2
124.jpeg,0
5792.jpg,3
4015.jpeg,2
1558.jpeg,1
6632.jpg,3
8463.jpeg,4
5946.jpg,3
1890.jpg,1
198.jpeg,0
5291.jpg,3
5679.jpg,3
1847.jpeg,1
7044.jpeg,4
8064.jpeg,4
7222.jpeg,4
4049.jpeg,2
1637.jpg,1
5215.jpg,3
921.jpeg,0
8136.jpg,4
4790.jpg,3
5571.jpg,3
4794.jpg,3
1167.jpeg,0
5570.jpg,3
6548.jpg,3
8472.jpeg,4
893.jpeg,0
1401.jpeg,1
7966.jpeg,4
3425.jpeg,2
6472.jpg,3
5586.jpg,3
3498.jpeg,2
1704.jpeg,1
8111.jpeg,4
1769.jpeg,1
1157.jpeg,0
2841.jpg,2
1044.jpeg,0
2958.jpeg,2
7532.jpeg,4
3824.jpeg,2
4748.jpg,3
1097.jpeg,0
6038.jpg,3
800.jpeg,0
4316.jpeg,2
5916.jpg,3
414.jpeg,0
2831.jpg,2
7651.jpeg,4
7956.jpeg,4
5475.jpg,3
6039.jpg,3
6231.jpg,3
6006.jpg,3
4683.jpg,3
5751.jpg,3
8270.jpeg,4
6077.jpg,3
5299.jpg,3
5229.jpg,3
445.jpeg,0
2686.jpeg,2
8402.jpeg,4
3515.jpeg,2
8235.jpg,4
1982.jpeg,1
8421.jpeg,4
6953.jpeg,4
3971.jpg,2
2735.jpeg,2
4105.jpeg,2
4130.jpg,2
1136.jpeg,0
2512.jpeg,2
4848.jpg,3
7948.jpeg,4
3535.jpg,2
1471.jpeg,1
5162.jpg,3
1220.jpeg,0
5103.jpg,3
7165.jpeg,4
1395.jpeg,1
4937.jpg,3
6013.jpg,3
690.jpeg,0
7848.jpeg,4
1464.jpeg,1
4335.jpeg,2
3522.jpeg,2
2015.jpg,1
8050.jpeg,4
7572.jpg,4
1510.jpeg,1
8575.jpeg,4
7048.jpg,4
928.jpeg,0
817.jpeg,0
1566.jpg,1
3465.jpg,2
8069.jpeg,4
4983.jpg,3
6542.jpg,3
5014.jpg,3
6727.jpeg,4
1253.jpeg,1
3436.jpg,2
302.jpeg,0
3651.jpg,2
377.jpeg,0
5635.jpg,3
2034.jpg,1
3224.jpg,2
1194.jpeg,0
3627.jpeg,2
344.jpeg,0
6425.jpg,3
5702.jpg,3
3638.jpeg,2
1223.jpeg,0
2693.jpeg,2
5495.jpg,3
6722.jpeg,4
3171.jpeg,2
1109.jpeg,0
5729.jpg,3
7102.jpeg,4
3164.jpg,2
5118.jpg,3
6613.jpg,3
4351.jpeg,2
768.jpeg,0
7059.jpeg,4
5747.jpg,3
5249.jpg,3
3113.jpeg,2
1950.jpeg,1
4139.jpg,2
789.jpeg,0
1195.jpeg,0
1128.jpeg,0
1813.jpeg,1
5584.jpg,3
6605.jpg,3
5463.jpg,3
8379.jpg,4
6503.jpg,3
5921.jpg,3
8053.jpeg,4
8210.jpg,4
6991.jpg,4
6648.jpg,4
7271.jpg,4
6464.jpg,3
1191.jpeg,0
6204.jpg,3
7635.jpeg,4
6551.jpg,3
6837.jpeg,4
7906.jpeg,4
5346.jpg,3
1644.jpeg,1
2449.jpg,2
1930.jpeg,1
3445.jpeg,2
1477.jpg,1
1116.jpeg,0
4234.jpeg,2
386.jpeg,0
1613.jpeg,1
5428.jpg,3
8127.jpeg,4
1845.jpeg,1
7465.jpeg,4
1058.jpeg,0
4476.jpg,3
5200.jpg,3
4020.jpeg,2
7002.jpeg,4
666.jpeg,0
2636.jpeg,2
1367.jpeg,1
4173.jpeg,2
7627.jpeg,4
5122.jpg,3
7205.jpg,4
2127.jpg,2
31.jpeg,0
7198.jpeg,4
7056.jpeg,4
5446.jpg,3
87.jpeg,0
6859.jpeg,4
990.jpeg,0
5740.jpg,3
4152.jpeg,2
3887.jpeg,2
7347.jpeg,4
2102.jpeg,2
6177.jpg,3
7523.jpeg,4
7442.jpeg,4
5147.jpg,3
484.jpeg,0
3003.jpeg,2
7399.jpeg,4
393.jpeg,0
1775.jpeg,1
6112.jpg,3
5292.jpg,3
8371.jpeg,4
1006.jpeg,0
140.jpeg,0
7636.jpeg,4
1491.jpeg,1
4852.jpg,3
488.jpeg,0
4797.jpg,3
4770.jpg,3
5835.jpg,3
1692.jpg,1
1305.jpg,1
1500.jpeg,1
1351.jpeg,1
6884.jpeg,4
3645.jpeg,2
403.jpeg,0
475.jpeg,0
2758.jpeg,2
4101.jpeg,2
4355.jpeg,2
7382.jpeg,4
6402.jpg,3
7189.jpeg,4
1244.jpg,1
208.jpeg,0
3237.jpeg,2
6361.jpg,3
6696.jpeg,4
5073.jpg,3
7994.jpeg,4
105.jpeg,0
6672.jpeg,4
7426.jpeg,4
5444.jpg,3
2860.jpeg,2
8141.jpeg,4
3742.jpg,2
3944.jpeg,2
441.jpeg,0
542.jpeg,0
8572.jpeg,4
7196.jpeg,4
621.jpeg,0
1980.jpg,1
4179.jpeg,2
2814.jpeg,2
6410.jpg,3
2185.jpeg,2
6597.jpg,3
6427.jpg,3
1099.jpeg,0
7141.jpg,4
4928.jpg,3
2951.jpg,2
4358.jpeg,2
7476.jpeg,4
2809.jpeg,2
2456.jpeg,2
6753.jpeg,4
6216.jpg,3
2829.jpeg,2
4068.jpeg,2
7245.jpeg,4
2683.jpg,2
2488.jpeg,2
1371.jpg,1
7142.jpeg,4
1697.jpeg,1
365.jpeg,0
961.jpeg,0
2117.jpeg,2
8081.jpeg,4
993.jpeg,0
953.jpeg,0
3895.jpeg,2
3769.jpeg,2
6590.jpg,3
38.jpeg,0
904.jpeg,0
4230.jpeg,2
4838.jpg,3
6820.jpeg,4
853.jpeg,0
223.jpeg,0
6481.jpg,3
58.jpeg,0
6511.jpg,3
8532.jpeg,4
1781.jpeg,1
1625.jpg,1
4027.jpeg,2
8324.jpg,4
7025.jpg,4
1591.jpeg,1
7428.jpeg,4
7825.jpeg,4
7074.jpeg,4
7480.jpeg,4
2216.jpeg,2
3354.jpeg,2
7547.jpg,4
7502.jpeg,4
4385.jpg,3
5467.jpg,3
734.jpg,0
5174.jpg,3
6409.jpg,3
495.jpeg,0
8106.jpg,4
6197.jpg,3
1862.jpeg,1
242.jpeg,0
2757.jpg,2
2522.jpeg,2
1864.jpeg,1
554.jpeg,0
5280.jpg,3
7548.jpeg,4
5305.jpg,3
402.jpeg,0
2415.jpeg,2
6843.jpeg,4
2278.jpg,2
8497.jpeg,4
752.jpeg,0
6137.jpg,3
4549.jpg,3
6567.jpg,3
6935.jpeg,4
1830.jpg,1
1277.jpeg,1
2166.jpg,2
5707.jpg,3
854.jpeg,0
4021.jpeg,2
2400.jpeg,2
1226.jpeg,0
7023.jpeg,4
7462.jpeg,4
6444.jpg,3
2548.jpg,2
7703.jpeg,4
6372.jpg,3
5286.jpg,3
987.jpeg,0
4441.jpg,3
8413.jpg,4
3097.jpeg,2
4559.jpg,3
412.jpeg,0
7911.jpg,4
4627.jpg,3
7254.jpg,4
4111.jpeg,2
4855.jpg,3
5435.jpg,3
7475.jpeg,4
6388.jpg,3
2616.jpg,2
1032.jpeg,0
622.jpeg,0
2301.jpeg,2
4439.jpg,3
6022.jpg,3
7799.jpeg,4
7991.jpg,4
4674.jpg,3
5395.jpg,3
3524.jpeg,2
5543.jpg,3
2849.jpeg,2
2153.jpg,2
3450.jpeg,2
3101.jpeg,2
3314.jpeg,2
3089.jpg,2
4551.jpg,3
3166.jpeg,2
4486.jpg,3
3029.jpeg,2
3129.jpeg,2
2756.jpeg,2
3058.jpeg,2
5129.jpg,3
1722.jpeg,1
8466.jpg,4
1908.jpg,1
5572.jpg,3
6941.jpeg,4
5027.jpg,3
8099.jpeg,4
7180.jpeg,4
8464.jpg,4
5456.jpg,3
6213.jpg,3
1127.jpeg,0
2754.jpeg,2
7874.jpeg,4
2118.jpeg,2
7398.jpeg,4
2803.jpg,2
7452.jpeg,4
2513.jpg,2
6962.jpg,4
7969.jpg,4
2655.jpg,2
6200.jpg,3
3569.jpeg,2
4176.jpeg,2
8331.jpeg,4
7697.jpeg,4
2994.jpeg,2
5093.jpg,3
7404.jpeg,4
7905.jpg,4
4812.jpg,3
6004.jpg,3
8543.jpeg,4
6378.jpg,3
4516.jpg,3
6956.jpeg,4
1374.jpg,1
5967.jpg,3
1133.jpeg,0
7793.jpeg,4
6882.jpg,4
3864.jpg,2
3322.jpeg,2
3716.jpeg,2
5832.jpg,3
620.jpeg,0
8484.jpeg,4
3056.jpg,2
2112.jpeg,2
5279.jpg,3
5478.jpg,3
6943.jpeg,4
6316.jpg,3
5464.jpg,3
4982.jpg,3
7725.jpeg,4
7554.jpeg,4
5683.jpg,3
3536.jpeg,2
7335.jpg,4
7337.jpeg,4
4319.jpg,2
563.jpeg,0
7013.jpeg,4
6640.jpg,3
2308.jpg,2
5577.jpg,3
5192.jpg,3
6100.jpg,3
8343.jpeg,4
5151.jpg,3
5828.jpg,3
777.jpeg,0
508.jpg,0
2551.jpeg,2
6664.jpeg,4
3686.jpeg,2
4725.jpg,3
2186.jpg,2
7669.jpeg,4
8074.jpg,4
5681.jpg,3
5770.jpg,3
4113.jpg,2
3754.jpeg,2
1563.jpeg,1
4795.jpg,3
7311.jpeg,4
8561.jpeg,4
6487.jpg,3
547.jpeg,0
7377.jpg,4
2204.jpg,2
7309.jpeg,4
2565.jpg,2
6896.jpg,4
6512.jpg,3
7081.jpeg,4
451.jpeg,0
2578.jpg,2
4626.jpg,3
3875.jpeg,2
7812.jpeg,4
2932.jpeg,2
3296.jpeg,2
978.jpeg,0
5986.jpg,3
8393.jpeg,4
1738.jpeg,1
5578.jpg,3
1868.jpeg,1
6824.jpg,4
4734.jpg,3
7788.jpeg,4
3702.jpeg,2
3083.jpeg,2
2388.jpeg,2
457.jpeg,0
5477.jpg,3
5541.jpg,3
1004.jpeg,0
3434.jpeg,2
194.jpeg,0
6910.jpeg,4
411.jpeg,0
4921.jpg,3
2525.jpeg,2
4995.jpg,3
4487.jpg,3
6812.jpeg,4
5866.jpg,3
1369.jpeg,1
6575.jpg,3
4367.jpeg,2
1725.jpeg,1
7982.jpeg,4
3979.jpeg,2
1507.jpeg,1
334.jpeg,0
8329.jpg,4
5821.jpg,3
7726.jpg,4
7861.jpg,4
4975.jpg,3
42.jpeg,0
7710.jpeg,4
3323.jpg,2
4946.jpg,3
2982.jpeg,2
5872.jpg,3
5674.jpg,3
2516.jpeg,2
5441.jpg,3
3152.jpeg,2
5608.jpg,3
2782.jpg,2
6688.jpeg,4
6259.jpg,3
1211.jpeg,0
2599.jpeg,2
2010.jpg,1
2011.jpeg,1
3264.jpeg,2
6349.jpg,3
3869.jpeg,2
801.jpeg,0
2996.jpg,2
6718.jpeg,4
6711.jpeg,4
3557.jpeg,2
6389.jpg,3
6479.jpg,3
3086.jpeg,2
500.jpeg,0
3966.jpeg,2
8070.jpeg,4
2825.jpeg,2
6110.jpg,3
3664.jpeg,2
3395.jpeg,2
8.jpeg,0
8527.jpeg,4
6127.jpg,3
2307.jpeg,2
3438.jpg,2
3382.jpeg,2
1478.jpeg,1
7884.jpeg,4
5038.jpg,3
2987.jpg,2
6412.jpg,3
2397.jpeg,2
6508.jpg,3
3261.jpg,2
585.jpeg,0
64.jpeg,0
5350.jpg,3
446.jpeg,0
2176.jpeg,2
7253.jpg,4
5084.jpg,3
3198.jpeg,2
6393.jpg,3
7556.jpeg,4
5995.jpg,3
2435.jpeg,2
1431.jpg,1
3520.jpeg,2
182.jpeg,0
1460.jpeg,1
959.jpeg,0
3111.jpeg,2
4394.jpg,3
5072.jpg,3
6543.jpg,3
1267.jpeg,1
3574.jpeg,2
1560.jpeg,1
364.jpeg,0
5587.jpg,3
5220.jpg,3
4435.jpg,3
4745.jpg,3
4390.jpg,3
3334.jpg,2
2314.jpeg,2
8564.jpeg,4
7866.jpg,4
3838.jpg,2
998.jpeg,0
3750.jpg,2
1009.jpeg,0
2622.jpeg,2
4268.jpg,2
3359.jpeg,2
1248.jpeg,1
7616.jpeg,4
5796.jpg,3
5217.jpg,3
4992.jpg,3
8457.jpeg,4
43.jpeg,0
6264.jpg,3
4279.jpeg,2
719.jpeg,0
2738.jpeg,2
2242.jpg,2
6439.jpg,3
504.jpeg,0
8323.jpeg,4
5239.jpg,3
610.jpeg,0
1770.jpg,1
4603.jpg,3
6385.jpg,3
811.jpeg,0
6271.jpg,3
4519.jpg,3
3478.jpeg,2
1946.jpeg,1
143.jpeg,0
1698.jpeg,1
4237.jpeg,2
1776.jpeg,1
3466.jpg,2
2401.jpeg,2
2890.jpeg,2
12.jpeg,0
3012.jpg,2
1728.jpeg,1
3145.jpg,2
1619.jpeg,1
1310.jpeg,1
4375.jpeg,2
8423.jpeg,4
7373.jpeg,4
7918.jpeg,4
1270.jpeg,1
6611.jpg,3
3879.jpeg,2
983.jpeg,0
1025.jpeg,0
6970.jpg,4
347.jpeg,0
3487.jpeg,2
2820.jpg,2
260.jpeg,0
916.jpeg,0
2591.jpeg,2
616.jpeg,0
149.jpeg,0
1231.jpeg,1
5244.jpg,3
2264.jpg,2
4713.jpg,3
7690.jpeg,4
3169.jpg,2
7603.jpeg,4
6380.jpg,3
7946.jpeg,4
1767.jpg,1
1190.jpeg,0
4502.jpg,3
2396.jpeg,2
2277.jpeg,2
7500.jpeg,4
6689.jpeg,4
7017.jpeg,4
4869.jpg,3
1082.jpeg,0
775.jpeg,0
4404.jpg,3
4008.jpeg,2
8544.jpeg,4
1518.jpeg,1
2789.jpg,2
5210.jpg,3
8132.jpeg,4
7611.jpeg,4
148.jpeg,0
7806.jpeg,4
2914.jpg,2
7655.jpg,4
933.jpeg,0
1448.jpg,1
1943.jpg,1
1969.jpeg,1
5610.jpg,3
1898.jpeg,1
59.jpeg,0
6546.jpg,3
3873.jpg,2
1078.jpeg,0
6116.jpg,3
4100.jpg,2
788.jpeg,0
5513.jpg,3
6598.jpg,3
6527.jpg,3
2004.jpg,1
5925.jpg,3
1843.jpg,1
5858.jpg,3
1623.jpeg,1
4013.jpeg,2
7478.jpg,4
1923.jpeg,1
635.jpeg,0
4424.jpg,3
4722.jpg,3
7221.jpeg,4
1626.jpeg,1
3551.jpeg,2
1986.jpeg,1
8410.jpeg,4
3955.jpeg,2
7163.jpeg,4
2323.jpg,2
2818.jpeg,2
3635.jpeg,2
3604.jpeg,2
1259.jpeg,1
6885.jpeg,4
2453.jpg,2
3566.jpg,2
6918.jpeg,4
8425.jpg,4
5655.jpg,3
7470.jpeg,4
7096.jpeg,4
4837.jpg,3
3209.jpeg,2
6629.jpg,3
5976.jpg,3
6205.jpg,3
5264.jpg,3
3368.jpeg,2
7040.jpeg,4
7757.jpeg,4
7600.jpeg,4
5951.jpg,3
5542.jpg,3
3379.jpeg,2
7214.jpeg,4
852.jpeg,0
2296.jpeg,2
135.jpeg,0
3499.jpg,2
426.jpeg,0
1166.jpeg,0
6062.jpg,3
8334.jpeg,4
5282.jpg,3
3476.jpg,2
4777.jpg,3
4614.jpg,3
1121.jpeg,0
5113.jpg,3
6591.jpg,3
19.jpeg,0
3060.jpg,2
2883.jpg,2
4829.jpg,3
49.jpeg,0
2087.jpeg,2
2651.jpeg,2
5190.jpg,3
7448.jpeg,4
7579.jpeg,4
3606.jpeg,2
5039.jpg,3
326.jpeg,0
6817.jpeg,4
6586.jpg,3
8473.jpeg,4
4024.jpeg,2
1859.jpeg,1
7830.jpeg,4
3199.jpeg,2
1193.jpeg,0
3409.jpeg,2
1533.jpeg,1
3063.jpg,2
1238.jpeg,1
3510.jpeg,2
597.jpg,0
5281.jpg,3
8114.jpg,4
3888.jpeg,2
7402.jpeg,4
5168.jpg,3
1275.jpeg,1
7666.jpeg,4
3932.jpg,2
330.jpeg,0
8152.jpeg,4
5787.jpg,3
3842.jpeg,2
257.jpeg,0
2226.jpeg,2
2786.jpg,2
126.jpg,0
4893.jpg,3
6234.jpg,3
1283.jpeg,1
6209.jpg,3
4089.jpeg,2
594.jpeg,0
7250.jpeg,4
7940.jpeg,4
4830.jpg,3
7622.jpeg,4
3626.jpeg,2
6588.jpg,3
7573.jpeg,4
4786.jpg,3
275.jpeg,0
6790.jpeg,4
4501.jpg,3
318.jpeg,0
8250.jpeg,4
6179.jpg,3
3734.jpeg,2
8097.jpeg,4
6333.jpg,3
1645.jpeg,1
3904.jpeg,2
1215.jpeg,0
4966.jpg,3
1907.jpeg,1
3039.jpeg,2
4380.jpg,3
7318.jpeg,4
8483.jpeg,4
408.jpeg,0
3611.jpeg,2
6828.jpeg,4
2377.jpg,2
5101.jpg,3
2838.jpeg,2
1531.jpeg,1
1389.jpeg,1
5067.jpg,3
5670.jpg,3
202.jpeg,0
2196.jpeg,2
6656.jpeg,4
5289.jpg,3
8039.jpg,4
7681.jpeg,4
367.jpeg,0
8260.jpeg,4
6541.jpg,3
1503.jpeg,1
1757.jpeg,1
5527.jpg,3
4686.jpg,3
1124.jpeg,0
6470.jpg,3
6917.jpeg,4
8327.jpeg,4
8129.jpeg,4
6757.jpeg,4
4036.jpg,2
5468.jpg,3
6281.jpg,3
2605.jpg,2
4155.jpg,2
8024.jpeg,4
3805.jpeg,2
5936.jpg,3
1913.jpeg,1
7624.jpeg,4
5862.jpg,3
1114.jpeg,0
4379.jpg,3
47.jpeg,0
7732.jpeg,4
5148.jpg,3
717.jpeg,0
5827.jpg,3
422.jpeg,0
1928.jpeg,1
7517.jpeg,4
2514.jpg,2
1811.jpg,1
2678.jpeg,2
8004.jpeg,4
824.jpeg,0
670.jpeg,0
8508.jpeg,4
5806.jpg,3
1495.jpeg,1
5311.jpg,3
7840.jpeg,4
6118.jpg,3
5579.jpg,3
8444.jpeg,4
8094.jpeg,4
4634.jpg,3
1360.jpeg,1
5302.jpg,3
6228.jpg,3
4743.jpg,3
566.jpeg,0
2237.jpg,2
7260.jpeg,4
5627.jpg,3
6395.jpg,3
1442.jpeg,1
8528.jpeg,4
7677.jpeg,4
92.jpeg,0
8340.jpg,4
7950.jpeg,4
3786.jpg,2
6115.jpg,3
1842.jpeg,1
769.jpeg,0
1268.jpeg,1
870.jpeg,0
7597.jpeg,4
1047.jpeg,0
6020.jpg,3
4736.jpg,3
2095.jpeg,2
5108.jpg,3
4801.jpg,3
1696.jpeg,1
7888.jpeg,4
5918.jpg,3
5868.jpg,3
5462.jpg,3
6350.jpg,3
8574.jpeg,4
5533.jpg,3
3975.jpg,2
881.jpeg,0
7414.jpeg,4
3308.jpg,2
7560.jpeg,4
4274.jpeg,2
6166.jpg,3
6577.jpg,3
892.jpg,0
2650.jpeg,2
7995.jpeg,4
2844.jpeg,2
3622.jpeg,2
5333.jpg,3
2577.jpeg,2
8283.jpeg,4
8023.jpeg,4
1869.jpeg,1
4238.jpeg,2
8036.jpeg,4
3114.jpg,2
6959.jpeg,4
8012.jpeg,4
6876.jpg,4
3328.jpeg,2
5199.jpg,3
3241.jpg,2
3918.jpeg,2
5844.jpg,3
8153.jpeg,4
4824.jpg,3
6997.jpeg,4
7809.jpeg,4
970.jpeg,0
287.jpeg,0
3642.jpg,2
5145.jpg,3
8322.jpg,4
578.jpeg,0
673.jpeg,0
4277.jpeg,2
1362.jpeg,1
7537.jpeg,4
6999.jpeg,4
1381.jpeg,1
4094.jpg,2
5911.jpg,3
2508.jpeg,2
3738.jpeg,2
7621.jpg,4
1457.jpeg,1
3723.jpeg,2
6434.jpg,3
7927.jpg,4
7521.jpeg,4
8481.jpeg,4
2598.jpeg,2
7326.jpeg,4
6529.jpg,3
1816.jpeg,1
8001.jpeg,4
5383.jpg,3
4075.jpeg,2
995.jpeg,0
8020.jpeg,4
5049.jpg,3
5473.jpg,3
240.jpeg,0
6810.jpg,4
643.jpeg,0
1023.jpeg,0
5813.jpg,3
4480.jpg,3
8553.jpeg,4
2584.jpg,2
8063.jpg,4
7208.jpeg,4
171.jpeg,0
4624.jpg,3
142.jpeg,0
6866.jpg,4
926.jpeg,0
1854.jpeg,1
1452.jpeg,1
5825.jpg,3
2152.jpeg,2
3608.jpeg,2
2076.jpeg,2
2931.jpeg,2
6379.jpg,3
1673.jpeg,1
590.jpeg,0
111.jpeg,0
2726.jpeg,2
3562.jpeg,2
6662.jpg,4
761.jpeg,0
3678.jpeg,2
7108.jpeg,4
5722.jpg,3
3193.jpg,2
538.jpeg,0
4490.jpg,3
5354.jpg,3
5801.jpg,3
791.jpeg,0
8556.jpeg,4
7542.jpeg,4
5567.jpg,3
3605.jpg,2
8213.jpeg,4
3087.jpg,2
2537.jpeg,2
4129.jpeg,2
3367.jpeg,2
3820.jpeg,2
3352.jpg,2
4967.jpg,3
5920.jpg,3
7731.jpeg,4
6260.jpg,3
4210.jpeg,2
2715.jpeg,2
2422.jpeg,2
3938.jpeg,2
6424.jpg,3
4330.jpeg,2
7568.jpeg,4
7780.jpeg,4
2373.jpeg,2
2235.jpeg,2
8392.jpeg,4
5914.jpg,3
671.jpeg,0
3877.jpeg,2
3825.jpg,2
6602.jpg,3
5433.jpg,3
233.jpeg,0
1639.jpeg,1
2936.jpeg,2
8356.jpeg,4
2817.jpeg,2
184.jpeg,0
5195.jpg,3
2681.jpg,2
8173.jpeg,4
7119.jpeg,4
949.jpeg,0
2555.jpeg,2
7765.jpeg,4
3654.jpeg,2
6714.jpeg,4
290.jpeg,0
2581.jpg,2
283.jpeg,0
7011.jpeg,4
1527.jpeg,1
601.jpeg,0
4927.jpg,3
4661.jpg,3
1965.jpg,1
3532.jpeg,2
3719.jpg,2
6686.jpeg,4
1926.jpeg,1
2391.jpeg,2
8282.jpeg,4
4545.jpg,3
8362.jpeg,4
7823.jpeg,4
4523.jpg,3
7577.jpg,4
7006.jpeg,4
4896.jpg,3
8482.jpeg,4
3272.jpeg,2
5082.jpg,3
3718.jpeg,2
7269.jpeg,4
4149.jpeg,2
8147.jpeg,4
1711.jpeg,1
1640.jpg,1
2390.jpg,2
4721.jpg,3
139.jpeg,0
2379.jpeg,2
1942.jpg,1
225.jpeg,0
6603.jpg,3
1318.jpeg,1
3263.jpg,2
4512.jpg,3
1066.jpeg,0
1580.jpg,1
2969.jpeg,2
1378.jpeg,1
7968.jpg,4
2567.jpeg,2
6777.jpg,4
6507.jpg,3
7869.jpeg,4
5531.jpg,3
3584.jpeg,2
6126.jpg,3
2088.jpeg,2
4584.jpg,3
8518.jpeg,4
4955.jpg,3
1846.jpeg,1
2535.jpg,2
7275.jpeg,4
716.jpeg,0
5515.jpg,3
776.jpeg,0
7886.jpeg,4
7586.jpeg,4
5055.jpg,3
8247.jpeg,4
4106.jpg,2
5384.jpg,3
4889.jpg,3
264.jpeg,0
2997.jpeg,2
1707.jpeg,1
7829.jpeg,4
8541.jpeg,4
5617.jpg,3
5640.jpg,3
8350.jpeg,4
709.jpeg,0
5298.jpg,3
1315.jpeg,1
469.jpeg,0
2016.jpeg,1
6397.jpg,3
8374.jpeg,4
3799.jpg,2
977.jpeg,0
5917.jpg,3
4402.jpg,3
8029.jpeg,4
6346.jpg,3
645.jpeg,0
8193.jpeg,4
4956.jpg,3
4950.jpg,3
3325.jpeg,2
3185.jpg,2
3847.jpeg,2
1744.jpg,1
8514.jpeg,4
1465.jpeg,1
6455.jpg,3
1699.jpeg,1
6417.jpg,3
703.jpeg,0
530.jpeg,0
4808.jpg,3
6223.jpg,3
497.jpeg,0
309.jpeg,0
7043.jpeg,4
3416.jpeg,2
2132.jpeg,2
185.jpeg,0
2765.jpg,2
5757.jpg,3
381.jpeg,0
2328.jpeg,2
1300.jpg,1
7211.jpg,4
493.jpeg,0
34.jpeg,0
5316.jpg,3
1595.jpg,1
5781.jpg,3
2247.jpeg,2
1418.jpeg,1
2207.jpeg,2
4971.jpg,3
4450.jpg,3
3353.jpeg,2
5004.jpg,3
4456.jpg,3
6355.jpg,3
7734.jpeg,4
2648.jpeg,2
1681.jpeg,1
7175.jpeg,4
4229.jpg,2
8067.jpeg,4
5746.jpg,3
7881.jpeg,4
4290.jpeg,2
1077.jpeg,0
5352.jpg,3
2148.jpeg,2
1327.jpg,1
3828.jpg,2
7921.jpeg,4
7938.jpeg,4
1411.jpeg,1
839.jpeg,0
2749.jpg,2
8252.jpg,4
6925.jpeg,4
3320.jpeg,2
4010.jpeg,2
6515.jpg,3
4546.jpg,3
63.jpeg,0
4414.jpg,3
786.jpeg,0
4696.jpg,3
1803.jpeg,1
4121.jpg,2
6661.jpg,4
5325.jpg,3
8090.jpeg,4
7181.jpeg,4
876.jpeg,0
8192.jpg,4
329.jpeg,0
7071.jpeg,4
7407.jpeg,4
5403.jpg,3
8511.jpeg,4
899.jpeg,0
3247.jpeg,2
1647.jpeg,1
6059.jpg,3
6890.jpg,4
757.jpeg,0
4224.jpeg,2
3568.jpg,2
5877.jpg,3
4803.jpg,3
8317.jpg,4
5535.jpg,3
4784.jpg,3
2965.jpg,2
3276.jpeg,2
8205.jpg,4
7928.jpeg,4
3703.jpg,2
2312.jpg,2
8226.jpeg,4
2284.jpeg,2
1585.jpg,1
3728.jpeg,2
5947.jpg,3
701.jpeg,0
6121.jpg,3
6034.jpg,3
2337.jpeg,2
4333.jpeg,2
3781.jpeg,2
1366.jpeg,1
6795.jpeg,4
3561.jpeg,2
4576.jpg,3
7251.jpeg,4
2092.jpeg,2
4819.jpg,3
4526.jpg,3
1910.jpg,1
1737.jpeg,1
4202.jpeg,2
4833.jpg,3
3024.jpeg,2
2141.jpeg,2
3118.jpg,2
2137.jpeg,2
2411.jpeg,2
527.jpeg,0
4712.jpg,3
7049.jpeg,4
2659.jpeg,2
3857.jpeg,2
8465.jpeg,4
2870.jpeg,2
2440.jpeg,2
8426.jpeg,4
6000.jpg,3
4065.jpg,2
5752.jpg,3
4419.jpg,3
7958.jpg,4
2340.jpeg,2
417.jpeg,0
8547.jpeg,4
774.jpeg,0
8537.jpeg,4
400.jpeg,0
7481.jpg,4
3115.jpg,2
3552.jpeg,2
2479.jpeg,2
3157.jpeg,2
6537.jpg,3
2125.jpeg,2
5094.jpg,3
6848.jpeg,4
5005.jpg,3
7501.jpeg,4
6055.jpg,3
2913.jpeg,2
2753.jpg,2
1405.jpeg,1
7130.jpg,4
7378.jpeg,4
6887.jpg,4
2130.jpg,2
6431.jpg,3
5560.jpg,3
6420.jpg,3
7322.jpeg,4
6031.jpg,3
639.jpeg,0
2666.jpg,2
5622.jpg,3
5323.jpg,3
2105.jpeg,2
4214.jpeg,2
4275.jpg,2
196.jpeg,0
2609.jpeg,2
2999.jpeg,2
8211.jpg,4
3430.jpeg,2
5605.jpg,3
3555.jpeg,2
1257.jpeg,1
3186.jpg,2
3337.jpg,2
657.jpeg,0
5204.jpg,3
4573.jpg,3
7617.jpeg,4
3995.jpeg,2
207.jpeg,0
4521.jpg,3
6226.jpg,3
2544.jpeg,2
8299.jpeg,4
224.jpeg,0
4555.jpg,3
5745.jpg,3
4373.jpeg,2
1284.jpg,1
1219.jpeg,0
5616.jpg,3
266.jpeg,0
3759.jpg,2
2865.jpeg,2
684.jpeg,0
7931.jpeg,4
2022.png,1
2139.jpeg,2
1660.jpeg,1
2945.jpeg,2
510.jpeg,0
8006.jpeg,4
6894.jpeg,4
7107.jpg,4
3120.jpg,2
6134.jpg,3
163.jpeg,0
8203.jpeg,4
5582.jpg,3
5980.jpg,3
5314.jpg,3
3392.jpg,2
546.jpeg,0
1036.jpeg,0
6215.jpg,3
6024.jpg,3
4475.jpg,3
6296.jpg,3
2273.jpg,2
1727.jpg,1
6376.jpg,3
6327.jpg,3
1517.jpeg,1
2806.jpeg,2
3454.jpeg,2
7752.jpeg,4
6600.jpg,3
4252.jpg,2
2425.jpeg,2
6673.jpeg,4
1148.jpeg,0
121.jpeg,0
75.jpeg,0
7588.jpeg,4
3905.jpeg,2
8013.jpeg,4
3872.jpg,2
2979.jpeg,2
1931.jpeg,1
4278.jpg,2
1241.jpeg,1
3775.jpg,2
2832.jpeg,2
6002.jpg,3
8437.jpeg,4
1967.jpeg,1
3297.jpeg,2
3998.jpeg,2
1254.png,1
3848.jpg,2
5815.jpg,3
7396.jpeg,4
2528.jpeg,2
3549.jpg,2
6302.jpg,3
4131.jpeg,2
7675.jpeg,4
3219.jpeg,2
1607.jpeg,1
2771.jpeg,2
6645.jpg,3
6521.jpg,3
3593.jpg,2
6415.jpg,3
4689.jpg,3
948.jpeg,0
6308.jpg,3
1763.jpg,1
3591.jpeg,2
6961.jpeg,4
6674.jpeg,4
6653.jpg,4
5990.jpg,3
1088.jpeg,0
5223.jpg,3
6403.jpg,3
7261.jpeg,4
8347.jpeg,4
5726.jpg,3
317.jpeg,0
6655.jpeg,4
41.jpeg,0
5669.jpg,3
8224.jpg,4
5652.jpg,3
6078.jpg,3
392.jpeg,0
8535.jpeg,4
3464.jpeg,2
6691.jpeg,4
4906.jpg,3
638.jpeg,0
6262.jpg,3
5785.jpg,3
2121.jpeg,2
4217.jpeg,2
5496.jpg,3
5370.jpg,3
1901.jpeg,1
2169.jpeg,2
1341.jpeg,1
3020.jpeg,2
2417.jpeg,2
5283.jpg,3
271.jpeg,0
3517.jpeg,2
7766.jpeg,4
2507.jpeg,2
166.jpeg,0
7528.jpeg,4
721.jpeg,0
401.jpeg,0
281.jpeg,0
2006.jpeg,1
4530.jpg,3
3412.jpeg,2
568.jpeg,0
97.jpeg,0
6009.jpg,3
3217.jpeg,2
292.jpeg,0
8128.jpeg,4
7089.jpeg,4
2024.jpg,1
2810.jpeg,2
1472.jpg,1
7499.jpg,4
7696.jpg,4
7613.jpg,4
2482.jpeg,2
5054.jpg,3
2324.jpg,2
6729.jpeg,4
1514.jpeg,1
3648.jpeg,2
2797.jpg,2
6770.jpeg,4
6315.jpg,3
2884.jpeg,2
5700.jpg,3
2123.jpg,2
2824.jpeg,2
406.jpeg,0
7204.jpg,4
6218.jpg,3
5717.jpg,3
3292.jpeg,2
6504.jpg,3
376.jpeg,0
5445.jpg,3
158.jpeg,0
8156.jpg,4
677.jpeg,0
633.jpeg,0
5575.jpg,3
4190.jpeg,2
6033.jpg,3
4915.jpg,3
5768.jpg,3
6633.jpg,3
1052.jpeg,0
6047.jpg,3
3751.jpeg,2
5952.jpg,3
4459.jpg,3
7671.jpeg,4
6955.jpeg,4
5490.jpg,3
6578.jpg,3
4418.jpg,3
4134.jpeg,2
2785.jpg,2
6451.jpg,3
6462.jpg,3
8244.jpeg,4
5276.jpg,3
2464.jpeg,2
7955.jpeg,4
7503.jpeg,4
3400.jpg,2
1795.jpg,1
1361.jpeg,1
2500.jpeg,2
1311.jpeg,1
6265.jpg,3
6858.jpeg,4
7232.jpeg,4
3284.jpeg,2
3210.jpg,2
1091.jpeg,0
7226.jpeg,4
315.jpeg,0
591.jpeg,0
2542.jpeg,2
8031.jpeg,4
4688.jpg,3
8265.jpeg,4
6939.jpeg,4
8288.jpeg,4
5141.jpg,3
57.jpeg,0
2484.jpeg,2
6816.jpeg,4
3009.jpeg,2
3747.jpeg,2
1807.jpeg,1
658.jpeg,0
2240.jpg,2
3238.jpg,2
274.jpeg,0
4448.jpg,3
6652.jpeg,4
4767.jpg,3
1129.jpeg,0
6934.jpeg,4
1069.jpeg,0
1232.jpeg,1
5236.jpg,3
4509.jpg,3
4119.png,2
1456.jpeg,1
7787.jpeg,4
4262.jpeg,2
826.jpeg,0
2097.jpeg,2
5047.jpg,3
8490.jpeg,4
6498.jpg,3
2503.jpeg,2
4847.jpg,3
6266.jpg,3
78.jpeg,0
5418.jpg,3
2462.jpg,2
3375.jpeg,2
3959.jpg,2
2607.jpeg,2
5843.jpg,3
668.jpeg,0
7123.jpeg,4
5074.jpg,3
3208.jpg,2
6758.jpeg,4
8100.jpeg,4
3177.jpeg,2
5205.jpg,3
1760.jpeg,1
5731.jpg,3
5730.jpg,3
6826.jpeg,4
4756.jpg,3
6442.jpg,3
3256.jpeg,2
2113.jpeg,2
2292.jpeg,2
8321.jpeg,4
773.jpeg,0
360.jpeg,0
482.jpeg,0
693.jpeg,0
6248.jpg,3
2633.jpeg,2
6460.jpg,3
5904.jpg,3
6617.jpg,3
4570.jpg,3
6005.jpg,3
4127.jpeg,2
1655.jpg,1
4669.jpg,3
5159.jpg,3
8198.jpg,4
696.jpeg,0
986.jpeg,0
7243.jpg,4
4733.jpg,3
106.jpeg,0
1316.jpg,1
6041.jpg,3
2906.jpeg,2
8040.jpeg,4
7645.jpeg,4
6616.jpg,3
6679.jpg,4
1096.jpeg,0
5203.jpg,3
5133.jpg,3
3796.jpg,2
3490.jpeg,2
1777.jpeg,1
2793.jpeg,2
3254.jpeg,2
5480.jpg,3
2592.jpeg,2
5812.jpg,3
5015.jpg,3
6453.jpg,3
306.jpeg,0
5347.jpg,3
3503.jpeg,2
6612.jpg,3
6035.jpg,3
4680.jpg,3
7898.jpeg,4
742.jpeg,0
3657.jpg,2
6855.jpeg,4
7836.jpg,4
4671.jpg,3
4878.jpg,3
5404.jpg,3
3424.jpg,2
1726.jpg,1
4162.jpeg,2
8096.jpg,4
4764.jpg,3
2128.jpeg,2
7803.jpeg,4
3139.jpeg,2
5401.jpg,3
7907.jpeg,4
5458.jpg,3
3234.jpeg,2
3034.jpg,2
4768.jpg,3
4429.jpg,3
4850.jpg,3
1651.jpg,1
1670.jpeg,1
7353.jpeg,4
8277.jpeg,4
7082.jpeg,4
7024.jpg,4
4828.jpg,3
2613.jpeg,2
740.jpeg,0
1835.jpg,1
3618.jpeg,2
4208.jpg,2
5977.jpg,3
424.jpeg,0
5503.jpg,3
1158.jpeg,0
5407.jpg,3
3726.jpeg,2
3011.jpeg,2
8404.jpeg,4
6235.jpg,3
4415.jpg,3
4273.jpeg,2
8002.jpeg,4
6564.jpg,3
6176.jpg,3
3542.jpeg,2
611.jpeg,0
3560.jpeg,2
6780.jpeg,4
7058.jpeg,4
2669.jpeg,2
7650.jpeg,4
3609.jpeg,2
8243.jpeg,4
8382.jpeg,4
6054.jpg,3
6008.jpg,3
4001.jpeg,2
5059.jpg,3
1256.jpeg,1
2732.jpeg,2
3061.jpeg,2
3433.jpeg,2
6258.jpg,3
6902.jpeg,4
8504.jpeg,4
7077.jpeg,4
7319.jpeg,4
5983.jpg,3
6804.jpeg,4
6237.jpg,3
7157.jpeg,4
6878.jpeg,4
8043.jpeg,4
2241.jpeg,2
8130.jpeg,4
6007.jpg,3
6288.jpg,3
1666.jpeg,1
5510.jpg,3
3519.jpeg,2
3772.jpg,2
557.jpeg,0
4199.jpeg,2
4826.jpg,3
2256.jpg,2
7007.jpg,4
3795.jpg,2
6101.jpg,3
5628.jpg,3
4235.jpeg,2
7358.jpeg,4
8038.jpeg,4
4506.jpg,3
5712.jpg,3
3421.jpeg,2
5851.jpg,3
6649.jpeg,4
4914.jpg,3
4341.jpeg,2
3602.jpeg,2
1593.jpg,1
1252.jpeg,1
855.jpeg,0
3330.jpeg,2
6748.jpeg,4
6290.jpg,3
8021.jpg,4
3800.jpeg,2
7985.jpg,4
5761.jpg,3
2261.jpg,2
6068.jpg,3
3876.jpeg,2
8034.jpg,4
868.jpeg,0
5371.jpg,3
4910.jpg,3
7871.jpeg,4
665.jpeg,0
4080.jpg,2
3923.jpg,2
3462.jpeg,2
5540.jpg,3
1469.jpeg,1
7126.jpeg,4
3889.jpg,2
515.jpeg,0
3128.jpg,2
6684.jpeg,4
8246.jpeg,4
4782.jpg,3
221.jpeg,0
4147.jpg,2
3641.jpg,2
2304.jpeg,2
7839.jpeg,4
3439.jpeg,2
2837.jpeg,2
872.jpeg,0
4776.jpg,3
6324.jpg,3
2759.jpg,2
4687.jpg,3
8080.jpeg,4
6834.jpeg,4
7083.jpeg,4
5175.jpg,3
6375.jpg,3
7473.jpeg,4
7032.jpeg,4
4527.jpg,3
7962.jpeg,4
7158.jpg,4
5596.jpg,3
4816.jpg,3
4608.jpg,3
1497.jpeg,1
934.jpeg,0
5048.jpg,3
4735.jpg,3
8558.jpeg,4
4412.jpg,3
5079.jpg,3
4332.jpeg,2
5860.jpg,3
369.jpeg,0
6784.jpeg,4
4580.jpg,3
7238.jpg,4
6016.jpg,3
6822.jpg,4
3343.jpeg,2
2921.jpeg,2
5723.jpg,3
427.jpeg,0
7147.jpeg,4
1325.jpg,1
3094.jpeg,2
6552.jpg,3
6108.jpg,3
2374.jpeg,2
5772.jpg,3
6870.jpeg,4
5368.jpg,3
4773.jpg,3
114.jpeg,0
7085.jpeg,4
4891.jpg,3
4212.jpeg,2
7454.jpeg,4
3763.jpeg,2
2836.jpeg,2
3415.jpeg,2
1429.jpeg,1
7487.jpeg,4
2080.jpg,2
7748.jpeg,4
2047.jpeg,1
7268.jpg,4
2155.jpeg,2
962.jpeg,0
2183.jpeg,2
7514.jpeg,4
6636.jpg,3
6467.jpg,3
5693.jpg,3
1762.jpeg,1
4377.jpeg,2
7482.png,4
7896.jpg,4
1796.jpg,1
8526.jpeg,4
6715.jpeg,4
2193.jpeg,2
483.jpeg,0
7155.jpeg,4
3108.jpeg,2
7699.jpg,4
4806.jpg,3
6304.jpg,3
2481.jpg,2
626.jpeg,0
8300.jpeg,4
5053.jpg,3
5525.jpg,3
5668.jpg,3
2100.jpeg,2
4884.jpg,3
4267.jpeg,2
7212.jpeg,4
2009.jpg,1
715.jpeg,0
6329.jpg,3
711.jpg,0
879.jpeg,0
5438.jpg,3
7338.jpeg,4
6599.jpg,3
4934.jpg,3
6144.jpg,3
6445.jpg,3
5887.jpg,3
7199.jpeg,4
877.jpeg,0
8146.jpeg,4
3165.jpg,2
8082.jpeg,4
6579.jpg,3
5400.jpg,3
2281.jpeg,2
722.jpeg,0
5030.jpg,3
4453.jpg,3
2677.jpeg,2
5465.jpg,3
7167.jpeg,4
4182.jpeg,2
5109.jpg,3
83.jpeg,0
7564.jpeg,4
5992.jpg,3
476.jpeg,0
3655.jpg,2
516.jpeg,0
3533.jpeg,2
4875.jpg,3
3459.jpeg,2
3031.jpg,2
5208.jpg,3
1290.jpeg,1
6086.jpg,3
316.jpeg,0
7008.jpeg,4
1347.jpeg,1
1045.jpeg,0
4042.jpg,2
3025.jpeg,2
333.jpeg,0
3158.jpeg,2
1218.jpeg,0
3336.jpeg,2
3851.jpeg,2
4779.jpg,3
1914.jpg,1
4940.jpg,3
5850.jpg,3
6040.jpg,3
938.jpeg,0
7623.jpeg,4
2925.jpg,2
4877.jpg,3
5449.jpg,3
2915.jpeg,2
6759.jpeg,4
4692.jpg,3
4266.jpeg,2
22.jpg,0
2910.jpeg,2
3983.jpeg,2
2920.jpeg,2
4873.jpg,3
745.jpeg,0
5970.jpg,3
5755.jpg,3
1712.jpeg,1
3456.jpeg,2
1461.jpeg,1
2887.jpeg,2
1694.jpeg,1
6199.jpg,3
3513.jpeg,2
6526.jpg,3
6292.jpg,3
6057.jpg,3
4552.jpg,3
6446.jpg,3
798.jpg,0
3413.jpg,2
4201.jpg,2
4690.jpg,3
6669.jpeg,4
8030.jpeg,4
4241.jpeg,2
190.jpeg,0
5677.jpg,3
6456.jpg,3
7447.jpg,4
1844.jpg,1
2158.jpeg,2
2469.jpeg,2
4724.jpg,3
5817.jpg,3
8223.jpeg,4
4028.jpeg,2
1355.jpeg,1
5057.jpg,3
7524.jpeg,4
4421.jpg,3
5657.jpg,3
7484.jpeg,4
331.jpeg,0
8258.jpeg,4
4361.jpeg,2
6580.jpg,3
1764.jpeg,1
6436.jpg,3
7383.jpeg,4
5315.jpg,3
6903.jpeg,4
1019.jpeg,0
1413.jpeg,1
7122.jpg,4
8380.jpeg,4
2835.jpg,2
7018.jpeg,4
3817.jpeg,2
1062.jpeg,0
2231.jpeg,2
4.jpeg,0
2477.jpeg,2
6534.jpg,3
6506.jpg,3
4488.jpg,3
3344.jpeg,2
3348.jpeg,2
2124.jpeg,2
5436.jpg,3
5959.jpg,3
614.jpeg,0
2202.jpeg,2
4935.jpg,3
2714.jpeg,2
2030.jpeg,1
3582.jpeg,2
8298.jpg,4
606.jpeg,0
251.jpeg,0
884.jpeg,0
6374.jpg,3
8422.jpg,4
5909.jpg,3
6944.jpeg,4
7540.jpeg,4
8033.jpg,4
1326.jpeg,1
4532.jpg,3
7656.jpeg,4
3112.jpeg,2
2002.jpeg,1
4534.jpg,3
4567.jpg,3
5343.jpg,3
680.jpeg,0
4112.jpg,2
8369.jpeg,4
7936.jpeg,4
5146.jpg,3
5744.jpg,3
2833.jpg,2
5089.jpg,3
7811.jpeg,4
6139.jpg,3
2966.jpg,2
1606.jpeg,1
1887.jpg,1
6677.jpeg,4
4219.jpg,2
2823.jpeg,2
6342.jpg,3
6122.jpg,3
1877.jpg,1
8308.jpeg,4
3299.jpeg,2
2459.jpeg,2
7959.jpeg,4
5020.jpg,3
3302.jpg,2
6269.jpg,3
5069.jpg,3
265.jpeg,0
5461.jpg,3
7129.jpeg,4
1444.jpg,1
2729.jpeg,2
8330.jpeg,4
4996.jpg,3
5888.jpg,3
7952.jpeg,4
6734.jpeg,4
732.jpeg,0
6081.jpg,3
2493.jpg,2
6063.jpg,3
6211.jpg,3
2424.jpeg,2
7113.jpeg,4
6124.jpg,3
5026.jpg,3
7747.jpeg,4
612.jpeg,0
5797.jpg,3
4074.jpg,2
3095.jpeg,2
3122.jpeg,2
8011.jpeg,4
8376.jpg,4
1501.jpeg,1
4997.jpg,3
8360.jpg,4
6151.jpg,3
3701.jpeg,2
7569.jpeg,4
1523.jpeg,1
4251.jpeg,2
4592.jpg,3
6289.jpg,3
6954.jpg,4
1788.jpg,1
8075.jpg,4
5105.jpg,3
2699.jpeg,2
4909.jpg,3
8549.jpg,4
6030.jpg,3
1002.jpeg,0
1826.jpg,1
1641.jpeg,1
582.jpeg,0
8495.jpeg,4
3852.jpeg,2
3564.jpeg,2
7054.jpeg,4
1246.jpeg,1
6908.jpeg,4
145.jpeg,0
7304.jpeg,4
250.jpeg,0
3670.jpeg,2
8370.jpeg,4
7291.jpeg,4
5739.jpg,3
7361.jpeg,4
3538.jpeg,2
2232.jpg,2
2546.jpeg,2
2138.jpeg,2
1630.jpeg,1
6358.jpg,3
8138.jpeg,4
2386.jpeg,2
5207.jpg,3
5188.jpg,3
1056.jpeg,0
842.jpeg,0
4223.jpg,2
5090.jpg,3
2656.jpeg,2
5839.jpg,3
33.jpeg,0
3894.jpeg,2
4006.jpg,2
3243.jpg,2
3978.jpeg,2
4000.jpeg,2
1766.jpeg,1
3258.jpeg,2
5032.jpg,3
6113.jpg,3
3537.jpeg,2
6761.jpeg,4
6051.jpg,3
5833.jpg,3
7628.jpeg,4
5950.jpg,3
794.jpeg,0
5419.jpg,3
3690.jpg,2
7539.jpeg,4
2151.jpeg,2
93.jpeg,0
8427.jpeg,4
727.jpeg,0
379.jpeg,0
682.jpeg,0
7370.jpeg,4
7987.jpeg,4
2968.jpeg,2
1398.jpeg,1
1065.jpeg,0
4798.jpg,3
1443.jpeg,1
277.jpeg,0
7644.jpeg,4
5763.jpg,3
930.jpeg,0
1742.jpg,1
4814.jpg,3
8025.jpeg,4
6432.jpg,3
7438.jpeg,4
4760.jpg,3
328.jpeg,0
5905.jpg,3
4628.jpg,3
55.jpeg,0
6338.jpg,3
7145.jpg,4
5682.jpg,3
4851.jpg,3
5504.jpg,3
0.jpeg,0
6457.jpg,3
2265.jpeg,2
1247.jpeg,1
5421.jpg,3
3470.jpeg,2
6080.jpg,3
6745.jpg,4
2325.jpeg,2
8568.jpeg,4
3783.jpeg,2
1424.jpg,1
8014.jpeg,4
8215.jpeg,4
1298.jpeg,1
4338.jpeg,2
2319.jpeg,2
2953.jpeg,2
5727.jpg,3
134.jpg,0
7687.jpeg,4
1180.jpeg,0
3447.jpg,2
533.jpeg,0
8272.jpeg,4
758.jpeg,0
4938.jpg,3
4157.jpeg,2
8529.jpeg,4
7087.jpeg,4
3418.jpeg,2
5696.jpg,3
4976.jpg,3
4047.jpg,2
7121.jpg,4
4114.jpg,2
3442.jpg,2
5095.jpg,3
4458.jpg,3
7827.jpg,4
2547.jpeg,2
5044.jpg,3
5711.jpg,3
663.jpeg,0
7284.jpeg,4
6572.jpg,3
453.jpeg,0
5420.jpg,3
3778.jpg,2
862.jpeg,0
5774.jpg,3
3650.jpeg,2
6172.jpg,3
8171.jpg,4
8253.jpeg,4
744.jpeg,0
4231.jpg,2
109.jpeg,0
8364.jpeg,4
7076.jpeg,4
170.jpg,0
1876.jpeg,1
310.jpeg,0
8502.jpeg,4
1978.jpeg,1
4911.jpg,3
7852.jpeg,4
7065.jpeg,4
6208.jpg,3
5501.jpg,3
6128.jpg,3
1656.jpeg,1
5307.jpg,3
8249.jpeg,4
1426.jpg,1
7215.jpg,4
5277.jpg,3
1805.jpeg,1
3812.jpeg,2
7593.jpeg,4
2685.jpg,2
2933.jpg,2
7614.jpeg,4
2194.jpg,2
137.jpeg,0
4297.jpeg,2
2369.jpg,2
2957.jpeg,2
4191.jpg,2
6418.jpg,3
2327.jpg,2
966.jpeg,0
91.jpeg,0
8445.jpeg,4
7737.jpg,4
1415.jpeg,1
1340.jpeg,1
4271.jpeg,2
2692.jpeg,2
4923.jpg,3
5052.jpg,3
4076.jpg,2
4818.jpg,3
7200.jpeg,4
929.jpeg,0
6484.jpg,3
153.jpeg,0
7365.jpg,4
7005.jpeg,4
7979.jpeg,4
3803.jpg,2
5704.jpg,3
3945.jpg,2
5337.jpg,3
5259.jpg,3
1752.jpeg,1
2057.jpeg,1
2842.jpeg,2
4321.jpeg,2
7061.jpeg,4
7264.jpg,4
6680.jpg,4
7488.jpeg,4
7289.jpeg,4
1086.jpeg,0
5266.jpg,3
4783.jpg,3
2357.jpeg,2
4174.jpeg,2
7790.jpeg,4
5078.jpg,3
6401.jpg,3
398.jpeg,0
104.jpeg,0
1051.jpeg,0
5585.jpg,3
3161.jpeg,2
1949.jpg,1
521.jpeg,0
6494.jpg,3
5968.jpg,3
8026.jpeg,4
7630.jpeg,4
2667.jpeg,2
2451.jpg,2
512.jpeg,0
1791.jpeg,1
3099.jpeg,2
6899.jpeg,4
5561.jpg,3
5132.jpg,3
890.jpeg,0
8576.jpeg,4
8051.jpeg,4
4226.jpg,2
1710.jpg,1
7042.jpeg,4
5805.jpg,3
1189.jpeg,0
4247.jpeg,2
6883.jpeg,4
4359.jpeg,2
6186.jpg,3
5287.jpg,3
902.jpeg,0
5012.jpg,3
3116.jpeg,2
353.jpeg,0
5362.jpg,3
2986.jpeg,2
3279.jpg,2
2845.jpg,2
1074.jpeg,0
8086.jpg,4
2927.jpg,2
6217.jpg,3
7037.png,4
6423.jpg,3
8573.jpeg,4
7862.jpeg,4
4144.jpeg,2
3305.jpg,2
5381.jpg,3
6627.jpg,3
6830.jpg,4
3779.jpeg,2
1952.jpg,1
6865.jpeg,4
6547.jpg,3
3617.jpg,2
2406.jpeg,2
5242.jpg,3
4577.jpg,3
7855.jpeg,4
3898.jpg,2
2635.jpeg,2
5161.jpg,3
7926.jpg,4
2162.jpeg,2
6765.jpeg,4
3119.jpg,2
4445.jpg,3
2708.jpg,2
4447.jpg,3
2043.jpeg,1
2521.jpeg,2
77.jpeg,0
6665.jpeg,4
8545.jpeg,4
1439.jpeg,1
7340.jpeg,4
278.jpeg,0
8121.jpeg,4
3834.jpeg,2
2050.jpeg,1
1152.jpeg,0
5673.jpg,3
1451.jpeg,1
3739.jpg,2
8113.jpeg,4
4033.jpeg,2
8341.jpg,4
1713.jpg,1
672.jpeg,0
3494.jpeg,2
492.jpeg,0
3926.jpeg,2
8315.jpeg,4
1285.jpeg,1
6862.jpg,4
3028.jpeg,2
1137.jpeg,0
5710.jpg,3
707.jpeg,0
1688.jpeg,1
1881.jpeg,1
3260.jpeg,2
3277.jpg,2
4902.jpg,3
2339.jpg,2
6982.jpeg,4
4752.jpg,3
6850.jpeg,4
5080.jpg,3
3704.jpg,2
5846.jpg,3
917.jpeg,0
3981.jpeg,2
2859.jpeg,2
1186.jpeg,0
905.jpeg,0
3764.jpeg,2
7909.jpeg,4
1635.jpeg,1
6988.jpeg,4
8403.jpeg,4
7834.jpg,4
8531.jpeg,4
2964.jpeg,2
4868.jpg,3
4156.jpeg,2
5330.jpg,3
6340.jpg,3
942.jpeg,0
6842.jpeg,4
1480.jpg,1
129.jpeg,0
7046.jpeg,4
5701.jpg,3
3636.jpeg,2
5046.jpg,3
4874.jpg,3
6695.jpeg,4
1303.jpeg,1
2332.jpeg,2
2638.jpg,2
5410.jpg,3
5637.jpg,3
6622.jpg,3
7596.jpg,4
7111.jpeg,4
3556.jpeg,2
2048.jpeg,1
3195.jpeg,2
7182.jpeg,4
1633.jpeg,1
4886.jpg,3
70.jpeg,0
947.jpeg,0
8015.jpeg,4
4913.jpg,3
425.jpeg,0
6273.jpg,3
2402.jpeg,2
1935.jpg,1
8084.jpg,4
6488.jpg,3
338.jpeg,0
5469.jpg,3
5638.jpg,3
5903.jpg,3
7999.jpeg,4
4233.jpeg,2
2486.jpg,2
1912.jpeg,1
1999.jpeg,1
8197.jpeg,4
7992.jpeg,4
1701.jpeg,1
3226.jpeg,2
6023.jpg,3
3962.jpeg,2
29.jpeg,0
3397.jpeg,2
2741.jpeg,2
8314.jpeg,4
2879.jpg,2
551.jpg,0
3062.jpeg,2
18.jpeg,0
939.jpeg,0
404.jpeg,0
4170.jpeg,2
4384.jpg,3
6750.jpg,4
1396.jpg,1
5310.jpg,3
7051.jpeg,4
2768.jpeg,2
4436.jpg,3
4617.jpg,3
3797.jpeg,2
6480.jpg,3
3147.jpeg,2
940.jpeg,0
790.jpeg,0
3652.jpg,2
8237.jpg,4
5338.jpg,3
5437.jpg,3
4676.jpg,3
7552.jpeg,4
7197.jpeg,4
3767.jpg,2
7178.jpeg,4
7808.jpeg,4
4232.jpg,2
1446.jpeg,1
5591.jpg,3
6704.jpeg,4
2485.jpeg,2
7981.jpeg,4
1473.jpeg,1
4398.jpg,3
3038.jpeg,2
8264.jpeg,4
5405.jpg,3
6554.jpg,3
361.jpeg,0
7805.jpg,4
3588.jpeg,2
6581.jpg,3
2437.jpeg,2
3160.jpg,2
1173.jpg,0
7967.jpeg,4
3443.jpeg,2
2822.jpeg,2
2496.jpeg,2
2995.jpeg,2
6528.jpg,3
7714.jpeg,4
8175.jpeg,4
6310.jpg,3
3787.jpeg,2
3347.jpeg,2
5502.jpg,3
5387.jpg,3
1774.jpeg,1
2536.jpg,2
3180.jpeg,2
4007.jpg,2
3827.jpeg,2
118.jpeg,0
6325.jpg,3
1486.jpeg,1
6227.jpg,3
849.jpeg,0
1237.jpg,1
5756.jpg,3
7770.jpeg,4
6194.jpg,3
1893.jpeg,1
5426.jpg,3
479.jpeg,0
4097.jpg,2
2428.jpg,2
6557.jpg,3
1113.jpeg,0
8233.jpeg,4
8386.jpeg,4
4718.jpg,3
5588.jpg,3
7451.jpg,4
974.jpeg,0
1265.jpeg,1
2036.jpeg,1
6270.jpg,3
3355.jpg,2
3950.jpg,2
3178.jpeg,2
4081.jpeg,2
4922.jpg,3
2872.jpeg,2
6348.jpg,3
7961.jpg,4
4968.jpg,3
2313.jpeg,2
4017.jpg,2
5489.jpg,3
782.jpeg,0
6535.jpg,3
1094.jpeg,0
8017.jpeg,4
470.jpeg,0
5829.jpg,3
7047.jpeg,4
230.jpeg,0
1449.jpg,1
1689.jpg,1
3150.jpg,2
5647.jpg,3
7302.jpeg,4
5985.jpg,3
3235.jpeg,2
8170.jpg,4
7346.jpeg,4
4430.jpg,3
5956.jpg,3
4572.jpg,3
3930.jpeg,2
4255.jpeg,2
7934.jpeg,4
5548.jpg,3
4667.jpg,3
3102.jpg,2
7413.jpeg,4
4639.jpg,3
1590.jpg,1
7682.jpeg,4
2431.jpeg,2
8281.jpeg,4
4742.jpg,3
3257.jpeg,2
8419.jpeg,4
5698.jpg,3
1702.jpg,1
7220.jpeg,4
945.jpeg,0
8359.jpeg,4
7330.jpeg,4
2160.jpeg,2
3300.jpg,2
1087.jpeg,0
960.jpeg,0
2971.jpg,2
1057.jpeg,0
1343.jpg,1
6532.jpg,3
2058.jpg,1
7571.jpeg,4
5136.jpg,3
1417.jpeg,1
7642.jpg,4
337.jpg,0
206.jpeg,0
4766.jpg,3
2468.jpeg,2
1572.jpg,1
5098.jpg,3
2243.jpeg,2
1983.jpeg,1
976.jpeg,0
6871.jpeg,4
1667.jpg,1
2131.jpeg,2
4685.jpg,3
236.jpeg,0
3853.jpeg,2
4166.jpeg,2
7769.jpeg,4
3878.jpeg,2
2755.jpg,2
7078.jpeg,4
3709.jpeg,2
173.jpeg,0
7924.jpeg,4
6701.jpeg,4
3451.jpeg,2
3829.jpeg,2
1516.jpeg,1
3281.jpeg,2
2326.jpeg,2
4194.jpeg,2
2382.jpeg,2
5672.jpg,3
6188.jpg,3
2949.jpeg,2
1616.jpg,1
4186.jpeg,2
3539.jpeg,2
5391.jpg,3
5023.jpg,3
2094.jpeg,2
4988.jpg,3
2763.jpg,2
1682.jpeg,1
2199.jpeg,2
3952.jpg,2
3637.jpg,2
2018.jpeg,1
7543.jpeg,4
7207.jpg,4
6267.jpg,3
4517.jpg,3
5008.jpg,3
3463.jpg,2
5686.jpg,3
3866.png,2
4791.jpg,3
144.jpeg,0
5497.jpg,3
4048.jpeg,2
1509.jpeg,1
3211.jpg,2
883.jpeg,0
1650.jpeg,1
3278.jpg,2
3046.jpg,2
912.jpeg,0
5816.jpg,3
6406.jpg,3
4437.jpg,3
4308.jpeg,2
7679.jpg,4
856.jpeg,0
2821.jpeg,2
5431.jpg,3
384.jpeg,0
428.jpeg,0
3221.jpeg,2
6366.jpg,3
1399.jpg,1
2490.jpg,2
1385.jpg,1
2706.jpeg,2
7379.jpeg,4
7188.jpeg,4
371.jpeg,0
5382.jpg,3
4854.jpg,3
4423.jpg,3
1035.jpeg,0
2504.jpeg,2
8116.jpeg,4
2781.jpeg,2
936.jpeg,0
3689.jpg,2
6087.jpg,3
4045.jpeg,2
5128.jpg,3
878.jpeg,0
4188.jpg,2
5297.jpg,3
2830.jpeg,2
8363.jpg,4
2007.jpg,1
4582.jpg,3
1570.jpeg,1
5942.jpg,3
7745.jpg,4
1142.jpeg,0
1434.jpg,1
4541.jpg,3
1387.jpeg,1
6990.jpeg,4
1642.jpeg,1
7660.jpeg,4
1797.jpeg,1
4206.jpeg,2
5897.jpg,3
2826.jpeg,2
2272.jpeg,2
5294.jpg,3
1897.jpg,1
4836.jpg,3
5332.jpg,3
1055.jpeg,0
4372.jpeg,2
5309.jpg,3
6370.jpg,3
706.jpeg,0
3989.jpeg,2
3859.jpeg,2
6088.jpg,3
1210.jpeg,0
463.jpeg,0
3907.jpeg,2
4180.jpg,2
5664.jpg,3
6236.jpg,3
2352.jpg,2
1611.jpeg,1
2675.jpeg,2
2569.jpeg,2
3724.jpeg,2
7114.jpeg,4
3929.jpg,2
5064.jpg,3
8486.jpeg,4
519.jpeg,0
6774.jpeg,4
4312.jpeg,2
8522.jpeg,4
2911.jpeg,2
7479.jpeg,4
2074.jpeg,2
7336.jpeg,4
7272.jpeg,4
7362.jpeg,4
1187.jpeg,0
6187.jpg,3
2338.jpeg,2
5880.jpg,3
8054.jpg,4
7179.jpeg,4
6125.jpg,3
5006.jpg,3
1039.jpg,0
2540.jpeg,2
3232.jpeg,2
8513.jpeg,4
2691.jpeg,2
3291.jpeg,2
5191.jpg,3
3043.jpg,2
60.jpeg,0
3890.jpeg,2
6138.jpg,3
2767.jpeg,2
1255.jpeg,1
7075.jpeg,4
4346.jpeg,2
7665.jpeg,4
5081.jpg,3
4531.jpg,3
501.jpeg,0
380.jpeg,0
7390.jpeg,4
7633.jpeg,4
6879.jpg,4
4762.jpg,3
491.jpeg,0
6435.jpg,3
1177.jpeg,0
5814.jpg,3
7277.jpeg,4
5999.jpg,3
7795.jpeg,4
5114.jpg,3
4154.jpg,2
2025.jpg,1
4449.jpg,3
6609.jpg,3
61.jpeg,0
8098.png,4
4064.jpg,2
7626.jpeg,4
5775.jpg,3
3628.jpg,2
8446.jpeg,4
1747.jpg,1
897.jpeg,0
1061.jpeg,0
7824.jpeg,4
2596.jpeg,2
1884.jpeg,1
7052.jpg,4
4563.jpg,3
5511.jpg,3
4792.jpg,3
1872.jpg,1
815.jpeg,0
3008.jpg,2
3468.jpeg,2
3496.jpeg,2
5997.jpg,3
3647.jpg,2
1565.jpeg,1
5687.jpg,3
4041.jpeg,2
7297.jpg,4
4622.jpg,3
107.jpeg,0
4046.jpeg,2
8167.jpeg,4
1239.jpg,1
8432.jpeg,4
4963.jpg,3
4602.jpg,3
5963.jpg,3
1490.jpeg,1
4482.jpg,3
5663.jpg,3
656.jpeg,0
697.jpeg,0
6555.jpg,3
3711.jpeg,2
3252.jpeg,2
3658.jpeg,2
595.jpg,0
3481.jpeg,2
4378.jpg,3
720.jpeg,0
2336.jpeg,2
4472.jpg,3
1542.jpeg,1
62.jpeg,0
7689.jpeg,4
3349.jpg,2
2955.jpg,2
5062.jpg,3
3422.jpg,2
419.jpeg,0
647.jpeg,0
4508.jpg,3
8548.jpeg,4
4731.jpg,3
2673.jpeg,2
1996.jpeg,1
4787.jpg,3
3596.jpeg,2
7288.jpeg,4
2869.jpeg,2
2126.jpg,2
1609.jpeg,1
5934.jpg,3
5861.jpg,3
6133.jpg,3
6692.jpeg,4
8072.jpeg,4
550.jpeg,0
3899.jpeg,2
5392.jpg,3
5639.jpg,3
2429.jpeg,2
3250.jpeg,2
6173.jpg,3
7375.jpeg,4
5922.jpg,3
4362.jpeg,2
1382.jpg,1
7711.jpg,4
7901.jpeg,4
8083.jpg,4
8351.jpg,4
5565.jpg,3
6095.jpg,3
268.jpeg,0
5932.jpg,3
6984.jpeg,4
3634.jpg,2
1291.jpg,1
7461.jpeg,4
3378.jpg,2
7549.jpeg,4
3452.jpeg,2
7060.jpeg,4
4717.jpg,3
7110.jpeg,4
3483.jpg,2
6371.jpg,3
7908.jpeg,4
3806.jpeg,2
6550.jpg,3
53.jpeg,0
6743.jpg,4
4951.jpg,3
304.jpeg,0
5025.jpg,3
2750.jpg,2
285.jpeg,0
214.jpeg,0
972.jpeg,0
9.jpeg,0
4907.jpg,3
1437.jpg,1
76.jpeg,0
6094.jpg,3
7201.jpg,4
733.jpeg,0
4322.jpeg,2
7796.jpeg,4
2317.jpeg,2
7843.jpeg,4
1421.jpeg,1
4057.jpg,2
4811.jpg,3
6491.jpg,3
2861.jpeg,2
7010.jpg,4
2239.jpg,2
3200.jpg,2
5612.jpg,3
7557.jpg,4
339.jpeg,0
7592.jpeg,4
3687.jpg,2
7357.jpeg,4
5960.jpg,3
8384.jpeg,4
4386.jpg,3
4393.jpg,3
3141.jpg,2
2399.jpg,2
2494.jpg,2
7604.jpeg,4
6050.jpg,3
3721.jpeg,2
1383.jpeg,1
6845.jpeg,4
4754.jpg,3
2342.jpeg,2
24.jpg,0
6230.jpg,3
808.jpeg,0
7910.jpg,4
7116.jpg,4
2220.jpeg,2
7993.jpeg,4
432.jpeg,0
6067.jpg,3
4788.jpg,3
3620.jpeg,2
7847.jpeg,4
5545.jpg,3
3745.jpeg,2
8057.jpeg,4
3586.jpeg,2
1027.jpeg,0
490.jpeg,0
7187.jpeg,4
8479.jpeg,4
3317.jpeg,2
8307.jpg,4
1146.jpeg,0
1488.jpeg,1
8353.jpeg,4
7021.jpeg,4
4463.jpg,3
7584.jpeg,4
4948.jpg,3
3917.jpeg,2
819.jpeg,0
8385.jpeg,4
3512.jpg,2
6755.jpeg,4
8049.jpeg,4
1598.jpeg,1
6155.jpg,3
4919.jpg,3
8337.jpeg,4
1046.jpeg,0
6246.jpg,3
6906.jpeg,4
8148.jpeg,4
72.jpeg,0
5427.jpg,3
5863.jpg,3
7663.jpg,4
3133.jpg,2
6478.jpg,3
1915.jpeg,1
8383.jpeg,4
1302.jpeg,1
1582.jpeg,1
1848.jpg,1
2760.jpeg,2
4051.jpeg,2
8058.jpeg,4
3801.jpeg,2
2545.jpeg,2
3740.jpeg,2
2980.jpeg,2
1867.jpeg,1
4213.jpeg,2
4719.jpg,3
4917.jpg,3
3036.jpeg,2
5045.jpg,3
1709.jpeg,1
1110.jpeg,0
1695.jpeg,1
3387.jpg,2
3075.jpg,2
3559.jpeg,2
6347.jpg,3
779.jpeg,0
1934.jpeg,1
2306.jpg,2
2700.jpeg,2
2848.jpeg,2
1535.jpeg,1
7195.jpeg,4
120.jpeg,0
5140.jpg,3
5187.jpg,3
3385.jpeg,2
6993.jpg,4
3240.jpeg,2
4433.jpg,3
5901.jpg,3
2387.jpeg,2
3215.jpeg,2
6220.jpg,3
8048.jpeg,4
6360.jpg,3
5149.jpg,3
7310.jpeg,4
4122.jpeg,2
7704.jpeg,4
2564.jpeg,2
8458.jpeg,4
6881.jpeg,4
7073.jpeg,4
886.jpeg,0
4681.jpg,3
1693.jpeg,1
2903.jpeg,2
560.jpg,0
3808.jpg,2
498.jpeg,0
5237.jpg,3
511.jpeg,0
739.jpeg,0
6170.jpg,3
5886.jpg,3
8569.jpeg,4
131.jpeg,0
6268.jpg,3
4904.jpg,3
759.jpeg,0
979.jpeg,0
7306.jpeg,4
6298.jpg,3
5460.jpg,3
2218.jpeg,2
94.jpeg,0
1547.jpg,1
6967.jpg,4
4259.jpeg,2
3474.jpeg,2
110.jpeg,0
518.jpeg,0
2253.jpeg,2
6143.jpg,3
5235.jpg,3
6549.jpg,3
3928.jpeg,2
2419.jpeg,2
8496.png,4
2595.jpeg,2
3729.jpg,2
3289.jpeg,2
1304.jpeg,1
5263.jpg,3
1296.jpeg,1
4102.png,2
1659.jpg,1
5876.jpg,3
5470.jpg,3
312.jpeg,0
1801.jpeg,1
576.jpeg,0
6829.jpeg,4
7935.jpeg,4
3911.jpg,2
3676.jpg,2
1526.jpg,1
2619.jpeg,2
7339.jpg,4
3280.jpeg,2
981.jpeg,0
4044.jpg,2
2604.jpg,2
1479.jpg,1
2713.jpeg,2
4924.jpg,3
4125.png,2
8027.jpg,4
5725.jpg,3
3479.jpg,2
7705.jpeg,4
3579.jpeg,2
4659.jpg,3
2888.jpeg,2
350.jpeg,0
8087.jpeg,4
6630.jpg,3
5648.jpg,3
2234.jpeg,2
322.jpeg,0
4561.jpg,3
8257.jpeg,4
467.jpeg,0
5150.jpg,3
5275.jpg,3
7746.jpg,4
7236.jpeg,4
3449.jpg,2
2559.jpeg,2
6294.jpg,3
8154.jpeg,4
138.jpeg,0
4890.jpg,3
5034.jpg,3
5954.jpg,3
1840.jpg,1
7101.jpg,4
3765.jpeg,2
8107.jpeg,4
1196.jpeg,0
780.jpeg,0
2944.jpeg,2
6311.jpg,3
8255.jpeg,4
753.jpeg,0
3826.jpeg,2
7315.jpeg,4
615.jpeg,0
3233.jpeg,2
505.jpeg,0
8145.jpeg,4
1106.jpeg,0
6454.jpg,3
1209.jpeg,0
3163.jpg,2
6003.jpg,3
1987.jpeg,1
2668.jpg,2
7148.jpg,4
980.jpg,0
3865.jpeg,2
1677.jpg,1
1013.jpeg,0
3214.jpeg,2
5536.jpg,3
7939.jpeg,4
4775.jpg,3
6974.jpeg,4
5139.jpg,3
8467.jpeg,4
1243.jpeg,1
8028.jpg,4
3482.jpeg,2
2014.jpg,1
2303.jpeg,2
3054.jpeg,2
7670.jpg,4
1841.jpeg,1
7229.jpeg,4
4863.jpg,3
7916.jpeg,4
2506.jpeg,2
5790.jpg,3
1286.jpg,1
7233.jpg,4
1345.jpeg,1
4849.jpg,3
6131.jpg,3
7401.jpeg,4
2904.jpg,2
1085.jpeg,0
3331.jpeg,2
3316.jpg,2
3999.jpg,2
7004.jpg,4
2571.jpeg,2
2902.jpeg,2
795.jpeg,0
3333.jpeg,2
1441.jpg,1
3286.jpeg,2
1883.jpeg,1
4366.jpg,2
486.jpeg,0
5061.jpg,3
4843.jpg,3
8078.jpg,4
3149.jpg,2
3982.jpg,2
3760.jpg,2
3916.jpeg,2
809.jpeg,0
3229.jpg,2
2928.jpeg,2
3362.jpeg,2
655.jpeg,0
1427.jpeg,1
1105.jpeg,0
845.jpeg,0
2270.jpeg,2
1487.jpg,1
4832.jpg,3
7510.jpeg,4
5157.jpg,3
5443.jpg,3
8003.jpeg,4
7897.jpeg,4
4347.jpeg,2
8453.jpeg,4
3755.jpeg,2
4817.jpg,3
4103.jpg,2
7084.jpg,4
3633.jpeg,2
6027.jpg,3
4313.jpeg,2
5092.jpg,3
2637.jpg,2
6037.jpg,3
2876.jpeg,2
4879.jpg,3
1249.jpeg,1
1798.jpeg,1
3313.jpeg,2
746.jpeg,0
7228.jpeg,4
1874.jpg,1
5033.jpg,3
6212.jpg,3
6525.jpg,3
5899.jpg,3
4354.jpeg,2
7174.jpeg,4
5318.jpg,3
2603.jpg,2
3411.jpeg,2
7828.jpeg,4
4123.jpeg,2
7798.jpeg,4
3968.jpg,2
1101.jpeg,0
1557.jpeg,1
6545.jpg,3
5097.jpg,3
772.jpeg,0
7774.jpeg,4
6809.jpeg,4
6117.jpg,3
7449.jpeg,4
6709.jpeg,4
461.jpeg,0
3714.jpeg,2
6618.jpg,3
2723.jpg,2
4479.jpg,3
5924.jpg,3
8533.jpeg,4
7974.jpg,4
7131.jpeg,4
6985.jpg,4
3762.jpeg,2
2478.jpeg,2
5634.jpg,3
6499.jpg,3
6307.jpg,3
1786.jpeg,1
1920.jpg,1
8168.jpeg,4
3000.jpeg,2
247.jpeg,0
1521.jpeg,1
3253.jpeg,2
5186.jpg,3
4420.jpg,3
7459.jpeg,4
8521.jpeg,4
2935.jpeg,2
7559.jpg,4
3967.jpeg,2
7729.jpeg,4
4495.jpg,3
3072.jpeg,2
1258.jpeg,1
3051.jpeg,2
1708.jpeg,1
232.jpeg,0
7333.jpeg,4
2572.jpeg,2
1496.jpeg,1
2563.jpeg,2
908.jpeg,0
5492.jpg,3
2853.jpeg,2
323.jpeg,0
7996.jpeg,4
8200.jpg,4
2792.jpeg,2
4128.jpeg,2
2227.jpg,2
1107.jpeg,0
4474.jpg,3
1349.jpeg,1
6240.jpg,3
3832.jpeg,2
1348.jpg,1
6323.jpg,3
5183.jpg,3
7683.jpg,4
4644.jpg,3
5295.jpg,3
1334.jpg,1
1529.jpeg,1
6808.jpeg,4
2682.jpeg,2
8022.jpeg,4
8140.jpeg,4
1459.jpeg,1
5626.jpg,3
4457.jpg,3
1408.jpg,1
3862.jpeg,2
1192.jpeg,0
747.jpeg,0
1719.jpg,1
5171.jpg,3
6635.jpg,3
923.jpeg,0
1643.jpeg,1
1833.jpg,1
922.jpeg,0
7775.jpg,4
2271.jpeg,2
7247.jpeg,4
3854.jpg,2
4871.jpg,3
2037.jpeg,1
3377.jpeg,2
8269.jpeg,4
2067.jpg,1
4059.jpeg,2
1977.jpeg,1
919.jpeg,0
4334.jpeg,2
8435.jpg,4
1407.jpg,1
3427.jpeg,2
6516.jpg,3
3026.jpeg,2
6891.jpeg,4
2178.jpeg,2
4343.jpeg,2
7735.jpg,4
6154.jpg,3
5530.jpg,3
2291.jpeg,2
141.jpeg,0
5961.jpg,3
6708.jpeg,4
7844.jpg,4
6157.jpg,3
4554.jpg,3
387.jpeg,0
7504.jpeg,4
4993.jpg,3
2055.jpeg,1
1783.jpeg,1
889.jpeg,0
3311.jpeg,2
1916.jpeg,1
1138.jpeg,0
4538.jpg,3
8297.jpeg,4
678.jpeg,0
1985.jpeg,1
7053.jpeg,4
2991.jpg,2
2146.jpeg,2
388.jpeg,0
4823.jpg,3
1281.jpeg,1
2846.jpeg,2
4443.jpg,3
7648.jpeg,4
915.jpeg,0
4138.jpeg,2
6717.jpeg,4
228.jpeg,0
2687.jpg,2
2660.jpeg,2
2208.jpeg,2
7899.jpeg,4
7068.jpeg,4
6650.jpg,4
2063.jpg,1
2977.png,2
3162.jpeg,2
1610.jpeg,1
2150.jpeg,2
3915.jpeg,2
7762.jpeg,4
5331.jpg,3
6798.jpeg,4
4256.jpeg,2
1022.jpeg,0
570.jpeg,0
3994.jpeg,2
3615.jpg,2
2843.jpeg,2
3402.jpg,2
40.jpeg,0
5618.jpg,3
2287.jpeg,2
2244.jpeg,2
256.jpeg,0
155.jpeg,0
5225.jpg,3
4345.jpeg,2
1621.jpeg,1
6520.jpg,3
7281.jpeg,4
5550.jpg,3
1559.jpeg,1
5131.jpg,3
4142.jpg,2
5539.jpg,3
2654.jpg,2
6796.jpeg,4
6538.jpg,3
3285.jpg,2
7875.jpeg,4
5738.jpg,3
4016.jpeg,2
5695.jpg,3
7434.jpeg,4
1804.jpeg,1
6582.jpg,3
5848.jpg,3
2372.jpeg,2
8417.jpeg,4
7009.jpg,4
6497.jpg,3
6381.jpg,3
4126.jpeg,2
2983.jpeg,2
2554.jpeg,2
3850.jpeg,2
1617.jpg,1
4612.jpg,3
4383.jpg,3
5908.jpg,3
6075.jpg,3
6103.jpg,3
7941.jpeg,4
3748.jpeg,2
2136.jpeg,2
2215.jpeg,2
3571.jpeg,2
1208.jpeg,0
4585.jpg,3
6584.jpg,3
4740.jpg,3
3733.jpeg,2
4750.jpg,3
5656.jpg,3
4293.jpeg,2
6667.jpeg,4
5308.jpg,3
3067.jpg,2
3212.jpg,2
8055.jpg,4
5389.jpg,3
1067.jpeg,0
4207.jpeg,2
4466.jpg,3
6739.jpeg,4
6336.jpg,3
2147.jpeg,2
7558.jpg,4
7546.jpeg,4
195.jpeg,0
5342.jpg,3
8041.jpeg,4
1380.jpeg,1
1474.jpeg,1
2380.jpeg,2
1278.jpg,1
1899.jpg,1
7505.jpeg,4
80.jpeg,0
1181.jpeg,0
7678.jpeg,4
5566.jpg,3
6524.jpg,3
5060.jpg,3
6321.jpg,3
5521.jpg,3
3518.jpg,2
2086.jpeg,2
2334.jpeg,2
2791.jpeg,2
1466.jpeg,1
5373.jpg,3
6181.jpg,3
6407.jpg,3
4352.jpeg,2
5734.jpg,3
2157.jpeg,2
8219.jpg,4
874.jpeg,0
1333.jpeg,1
8491.jpeg,4
7190.jpg,4
1390.jpg,1
1294.jpg,1
5602.jpg,3
7050.jpg,4
1524.jpeg,1
8355.jpeg,4
1975.jpeg,1
6489.jpg,3
6162.jpg,3
5271.jpg,3
6072.jpg,3
5764.jpg,3
4310.jpeg,2
3255.jpeg,2
5629.jpg,3
2988.jpeg,2
7792.jpeg,4
5714.jpg,3
6724.jpeg,4
2473.jpeg,2
4610.jpg,3
2923.jpeg,2
226.jpeg,0
1358.jpg,1
762.jpeg,0
6238.jpg,3
1596.jpg,1
3018.jpg,2
7661.jpg,4
2787.jpeg,2
7166.jpeg,4
6531.jpg,3
2761.jpeg,2
5234.jpg,3
5254.jpg,3
7736.jpeg,4
6429.jpg,3
396.jpeg,0
167.jpeg,0
4062.jpeg,2
5076.jpg,3
6469.jpg,3
7773.jpg,4
6206.jpg,3
4305.jpeg,2
5439.jpg,3
5196.jpg,3
262.jpeg,0
1108.jpeg,0
1779.jpg,1
5241.jpg,3
6811.jpg,4
8440.jpeg,4
8335.jpg,4
7149.jpeg,4
1301.jpeg,1
1831.jpg,1
7585.jpeg,4
5718.jpg,3
2628.jpeg,2
1112.jpeg,0
1336.jpg,1
3048.jpg,2
6473.jpg,3
4753.jpg,3
6061.jpg,3
5867.jpg,3
2038.jpeg,1
6533.jpg,3
1170.jpeg,0
2039.jpeg,1
2177.jpeg,2
2647.jpeg,2
2200.jpeg,2
2840.jpeg,2
37.jpeg,0
5212.jpg,3
2665.jpg,2
3785.jpg,2
4693.jpg,3
4353.jpg,2
5247.jpg,3
3191.jpeg,2
3509.jpeg,2
5367.jpg,3
3782.jpg,2
7912.jpeg,4
5319.jpg,3
8459.jpeg,4
3386.jpeg,2
5238.jpg,3
7595.jpg,4
215.jpeg,0
704.jpeg,0
7219.jpeg,4
918.jpeg,0
5910.jpg,3
988.jpeg,0
8289.jpeg,4
4387.jpg,3
7298.jpeg,4
5091.jpg,3
204.jpeg,0
2348.jpeg,2
2538.jpg,2
1604.jpeg,1
8373.jpeg,4
2863.jpg,2
4303.jpeg,2
7786.jpeg,4
1342.jpg,1
4090.jpg,2
6042.jpg,3
4315.jpeg,2
8530.jpeg,4
1068.jpeg,0
2717.jpeg,2
2171.jpeg,2
2251.jpeg,2
860.jpeg,0
3814.jpg,2
2212.jpeg,2
6700.jpg,4
5871.jpg,3
5642.jpg,3
2230.jpg,2
7727.jpeg,4
2129.jpeg,2
7057.jpeg,4
8032.jpeg,4
6721.jpeg,4
3321.jpeg,2
7036.jpeg,4
7878.jpeg,4
8559.jpeg,4
7255.jpeg,4
6010.jpg,3
7527.jpeg,4
3136.jpeg,2
4137.jpeg,2
1808.jpeg,1
6797.jpeg,4
4959.jpg,3
3849.jpeg,2
7751.jpeg,4
2224.jpeg,2
2731.jpg,2
5546.jpg,3
8093.jpeg,4
5678.jpg,3
2811.jpeg,2
4864.jpg,3
4514.jpg,3
2877.jpeg,2
771.jpeg,0
2543.jpeg,2
7759.jpeg,4
1402.jpeg,1
7064.jpeg,4
6911.jpg,4
4658.jpg,3
1143.jpg,0
1902.jpg,1
4298.jpeg,2
5301.jpg,3
3117.jpeg,2
8312.jpg,4
3993.jpeg,2
3035.jpg,2
4969.jpg,3
300.jpeg,0
7900.jpeg,4
5562.jpg,3
1155.jpeg,0
5339.jpg,3
1839.jpg,1
8194.jpeg,4
8254.jpg,4
4263.jpg,2
6771.jpeg,4
319.jpeg,0
7785.jpeg,4
7139.jpeg,4
3040.jpeg,2
5423.jpg,3
4264.jpeg,2
5667.jpg,3
6857.jpeg,4
944.jpeg,0
6229.jpg,3
245.jpeg,0
6932.jpeg,4
5071.jpg,3
1865.jpeg,1
686.jpeg,0
7191.jpeg,4
2594.jpg,2
3665.jpg,2
1.jpeg,0
2466.jpg,2
6171.jpg,3
2229.jpeg,2
580.jpeg,0
3069.jpeg,2
581.jpeg,0
5538.jpg,3
4511.jpg,3
5001.jpg,3
2033.jpg,1
405.jpeg,0
5694.jpg,3
2223.jpg,2
6485.jpg,3
3065.jpeg,2
3793.jpeg,2
7213.jpeg,4
1175.jpeg,0
2881.jpeg,2
3514.jpg,2
7563.jpeg,4
1295.jpeg,1
6079.jpg,3
1860.jpeg,1
494.jpeg,0
6305.jpg,3
6482.jpg,3
6854.jpeg,4
3577.jpeg,2
6510.jpg,3
7814.jpeg,4
6556.jpg,3
5374.jpg,3
7674.jpeg,4
7658.jpeg,4
5158.jpg,3
6387.jpg,3
6620.jpg,3
4400.jpg,3
1849.jpg,1
1761.jpeg,1
5621.jpg,3
6461.jpg,3
583.jpeg,0
2707.jpeg,2
7506.jpeg,4
7432.jpeg,4
3096.jpg,2
6929.jpeg,4
651.jpeg,0
7446.jpeg,4
1010.jpeg,0
1828.jpg,1
5865.jpg,3
4568.jpg,3
641.jpeg,0
4623.jpg,3
2519.jpeg,2
7971.jpeg,4
2467.jpg,2
3507.jpg,2
7464.jpeg,4
5713.jpg,3
5479.jpg,3
4646.jpg,3
5773.jpg,3
2085.jpg,2
6625.jpg,3
4401.jpg,3
4165.jpg,2
8142.jpeg,4
3688.jpg,2
8201.jpeg,4
6261.jpg,3
4857.jpg,3
6565.jpg,3
8242.jpg,4
4533.jpg,3
2254.jpeg,2
1008.jpg,0
5777.jpg,3
5941.jpg,3
2135.jpeg,2
7041.jpeg,4
8151.jpeg,4
3546.jpg,2
8563.jpeg,4
7132.jpeg,4
6430.jpg,3
4492.jpg,3
7366.jpeg,4
2943.jpg,2
4497.jpg,3
1894.jpg,1
7344.jpeg,4
5476.jpg,3
1153.jpeg,0
3860.jpeg,2
8428.jpeg,4
6312.jpg,3
7430.jpeg,4
1150.jpg,0
2827.jpeg,2
2081.jpeg,2
1485.jpg,1
3880.jpeg,2
3749.jpg,2
1021.jpeg,0
6334.jpg,3
2017.jpg,1
6604.jpg,3
8251.jpeg,4
5165.jpg,3
3246.jpg,2
6560.jpg,3
471.jpeg,0
3947.jpg,2
4589.jpg,3
7863.jpeg,4
8109.jpeg,4
8368.jpeg,4
7536.jpeg,4
4730.jpg,3
1119.jpeg,0
65.jpeg,0
1723.jpeg,1
4038.jpg,2
2376.jpg,2
3792.jpg,2
6019.jpg,3
2662.jpeg,2
2579.jpeg,2
438.jpeg,0
7270.jpeg,4
3823.jpeg,2
1665.jpeg,1
1880.jpeg,1
5528.jpg,3
1815.jpg,1
7784.jpg,4
7889.jpeg,4
2370.jpeg,2
4682.jpg,3
6104.jpg,3
631.jpeg,0
2922.jpeg,2
2059.jpeg,1
4035.jpeg,2
1240.jpeg,1
3389.jpg,2
172.jpeg,0
7846.jpeg,4
7587.jpg,4
4087.jpg,2
7278.jpeg,4
7610.jpeg,4
5856.jpg,3
2041.jpeg,1
3547.jpg,2
532.jpeg,0
267.jpeg,0
2614.jpg,2
6221.jpg,3
3594.jpeg,2
1031.jpeg,0
2629.jpeg,2
3358.jpeg,2
3339.jpg,2
3080.jpeg,2
1184.jpeg,0
1344.jpeg,1
624.jpeg,0
7323.jpeg,4
1329.jpg,1
8188.jpeg,4
4649.jpg,3
1800.jpeg,1
7512.jpeg,4
2393.jpg,2
5152.jpg,3
6687.jpeg,4
30.jpeg,0
5965.jpg,3
6675.jpeg,4
5609.jpg,3
4342.jpeg,2
2697.jpeg,2
4368.jpeg,2
4070.jpeg,2
8169.jpeg,4
6585.jpg,3
293.jpeg,0
3788.jpg,2
1721.jpg,1
2737.jpg,2
3682.jpeg,2
6930.jpeg,4
5262.jpg,3
2433.jpeg,2
7794.jpg,4
6832.jpeg,4
1724.jpeg,1
6638.jpg,3
3794.jpeg,2
4664.jpg,3
3408.jpeg,2
35.jpeg,0
8285.jpeg,4
2972.jpeg,2
6676.jpg,4
3784.jpeg,2
4365.jpeg,2
2300.jpeg,2
6720.jpeg,4
8461.jpeg,4
480.jpeg,0
909.jpeg,0
4663.jpg,3
5512.jpg,3
2530.jpeg,2
1095.jpeg,0
477.jpeg,0
880.jpeg,0
836.jpeg,0
6712.jpeg,4
2907.jpeg,2
5926.jpg,3
7975.jpeg,4
820.jpeg,0
7409.jpeg,4
1111.jpeg,0
7887.jpeg,4
5434.jpg,3
991.jpeg,0
6214.jpg,3
1203.jpeg,0
4160.jpg,2
8333.jpg,4
7240.jpeg,4
2154.jpeg,2
3501.jpeg,2
7097.jpeg,4
5358.jpg,3
6400.jpg,3
7265.jpg,4
7576.jpeg,4
6145.jpg,3
8262.jpeg,4
2258.jpeg,2
3863.jpeg,2
440.jpeg,0
2071.jpeg,2
2716.jpeg,2
5380.jpg,3
1836.jpeg,1
4898.jpg,3
4653.jpg,3
2511.jpeg,2
1154.jpeg,0
8501.jpeg,4
5484.jpg,3
3053.jpeg,2
1092.jpeg,0
7162.jpeg,4
3290.jpg,2
2871.jpeg,2
5998.jpg,3
8261.jpeg,4
6202.jpg,3
2952.jpg,2
5662.jpg,3
1889.jpg,1
6658.jpeg,4
3680.jpeg,2
3090.jpeg,2
4392.jpg,3
1981.jpeg,1
3218.jpeg,2
1530.jpeg,1
1755.jpeg,1
6190.jpg,3
1014.jpeg,0
2392.jpeg,2
6475.jpg,3
2639.png,2
6682.jpeg,4
5036.jpg,3
3154.jpg,2
5939.jpg,3
8228.jpeg,4
6021.jpg,3
3757.jpeg,2
1971.jpg,1
1863.jpeg,1
903.jpeg,0
4300.jpeg,2
7493.jpeg,4
4998.jpg,3
85.jpeg,0
4161.jpeg,2
8552.jpeg,4
6912.jpeg,4
6477.jpg,3
2091.jpg,2
6927.jpg,4
2366.jpg,2
2249.jpeg,2
4958.jpg,3
7248.jpeg,4
7317.jpeg,4
6607.jpg,3
4774.jpg,3
4679.jpg,3
6130.jpg,3
36.jpeg,0
7753.jpeg,4
6698.jpeg,4
459.jpeg,0
830.jpg,0
1236.jpeg,1
4695.jpg,3
1700.jpeg,1
5024.jpg,3
564.jpeg,0
6165.jpg,3
4930.jpg,3
5769.jpg,3
2644.jpeg,2
5327.jpg,3
4269.jpeg,2
8405.jpeg,4
3167.jpeg,2
8540.jpg,4
4438.jpg,3
5096.jpg,3
2217.jpeg,2
2712.jpeg,2
5209.jpg,3
3684.jpeg,2
843.jpeg,0
2552.jpeg,2
303.jpeg,0
2051.jpg,1
2250.jpeg,2
8137.jpeg,4
8016.jpeg,4
1925.jpeg,1
5972.jpg,3
4309.jpeg,2
7292.jpeg,4
5349.jpg,3
6805.jpeg,4
3912.jpeg,2
2225.jpg,2
2405.jpeg,2
2531.jpeg,2
4409.jpg,3
2329.jpg,2
8503.jpeg,4
3741.jpg,2
7266.jpeg,4
8164.jpg,4
2705.jpeg,2
3140.jpeg,2
3019.jpg,2
5574.jpg,3
3301.jpg,2
2568.jpeg,2
5849.jpg,3
2122.jpeg,2
2602.jpg,2
8520.jpeg,4
1979.jpg,1
2233.jpeg,2
7581.jpeg,4
4003.jpeg,2
6099.jpg,3
3248.jpeg,2
2747.jpeg,2
2444.jpeg,2
7723.jpeg,4
6109.jpg,3
5552.jpg,3
3294.jpeg,2
654.jpeg,0
465.jpeg,0
6098.jpg,3
2275.jpg,2
7415.jpeg,4
586.jpeg,0
7474.jpeg,4
4405.jpg,3
2142.jpg,2
289.jpeg,0
3961.jpg,2
4243.jpeg,2
6295.jpg,3
8338.jpg,4
6756.jpeg,4
6505.jpg,3
7496.jpg,4
5987.jpg,3
3471.jpeg,2
6799.jpg,4
6245.jpg,3
534.jpeg,0
7177.jpeg,4
2073.jpg,2
7743.jpeg,4
5341.jpg,3
2360.jpg,2
6540.jpg,3
1337.jpg,1
1391.jpeg,1
4974.jpg,3
3673.jpeg,2
3201.jpg,2
4023.jpeg,2
6356.jpg,3
1589.jpg,1
2001.jpg,1
1745.jpeg,1
152.jpeg,0
1746.jpg,1
2974.jpg,2
4648.jpg,3
66.jpeg,0
5653.jpg,3
2788.jpeg,2
4728.jpg,3
3884.jpeg,2
6386.jpg,3
1481.jpeg,1
4500.jpg,3
449.jpeg,0
5417.jpg,3
7069.jpeg,4
2068.jpeg,1
5671.jpg,3
2623.jpg,2
6369.jpg,3
7562.jpeg,4
3073.jpg,2
8172.jpeg,4
7045.jpeg,4
4985.jpg,3
5933.jpg,3
2210.jpeg,2
7965.jpeg,4
3275.jpg,2
193.jpeg,0
3776.jpg,2
5230.jpg,3
3121.jpeg,2
5962.jpg,3
3002.jpeg,2
2719.jpeg,2
1445.jpg,1
5070.jpg,3
8184.jpeg,4
1015.jpeg,0
2066.jpeg,1
1584.jpeg,1
1970.jpg,1
2627.jpeg,2
3455.jpeg,2
766.jpeg,0
